artist,song_name,lyric
지코 (ZICO),아무노래,"['왜들 그리 다운돼있어', '뭐가 문제야 say something', '분위기가 겁나 싸해', '요새는 이런 게 유행인가', '왜들 그리 재미없어', '아 그건 나도 마찬가지', 'Tell me what I got to do', '급한 대로 블루투스 켜', '아무 노래나 일단 틀어', '아무거나 신나는 걸로', '아무렇게나 춤춰', '아무렇지 않아 보이게', '아무 생각 하기 싫어', '아무개로 살래 잠시', 'I’m sick and tired of my everyday', 'Keep it up 한 곡 더', '아무 노래나 일단 틀어', '아무렴 어때 It’s so boring', '아무래도 refresh가 시급한 듯해', '쌓여가 스트레스가', '배꼽 빠질 만큼만', '폭소하고 싶은 날이야', 'What up my dawgs 어디야 너희', '올 때 병맥주랑', '까까 몇 개 사 와 huh', '클럽은 구미가 잘 안 당겨', '우리 집 거실로 빨랑 모여', '외부인은 요령껏 차단 시켜', '밤새 수다 떨 시간도 모자라', '누군 힘들어 죽겠고 누군 축제', '괜히 싱숭생숭 I want my youth back', '좀 전까지 왁자지껄', '하다 한 명 두 명씩 자릴 떠', '왜들 그리 다운돼있어', '뭐가 문제야 say something', '분위기가 겁나 싸해', '요새는 이런 게 유행인가', '왜들 그리 재미없어', '아 그건 나도 마찬가지', 'Tell me what I got to do', '급한 대로 블루투스 켜', '아무 노래나 일단 틀어', '아무거나 신나는 걸로', '아무렇게나 춤춰', '아무렇지 않아 보이게', '아무 생각 하기 싫어', '아무개로 살래 잠시', 'I’m sick and tired of my everyday', 'Keep it up 한 곡 더', '떠나질 못할 바엔', '창밖은 쳐다도 안 봐', '회까닥해서 추태를 부려도', 'No worries at all', '이미지 왜 챙겨', '그래 봤자 우리끼린데', 'Ohh 늦기 전에 막판 스퍼트', '20대가 얼마 안 남았어', '편한 옷으로 갈아입어', 'You look nice get’em high', '얼핏 보면 그냥 코미디', '이렇게 무해한 파티 처음이지', '만감이 교차하는 새벽 2시경', '술잔과 감정이 소용돌이쳐', '왜들 그리 다운돼있어', '뭐가 문제야 say something', '분위기가 겁나 싸해', '요새는 이런 게 유행인가', '왜들 그리 재미없어', '아 그건 나도 마찬가지', 'Tell me what I got to do', '급한 대로 블루투스 켜', '아무 노래나 일단 틀어', '아무거나 신나는 걸로', '아무렇게나 춤춰', '아무렇지 않아 보이게', '아무 생각 하기 싫어', '아무개로 살래 잠시', 'I’m sick and tired of my everyday', 'Keep it up 한 곡 더', '아무 노래나 일단', '아무 노래 아무 노래', '아무 노래나 틀어봐', '아무 노래 아무 노래', '아무 노래나 틀어봐', '아무 노래 아무 노래', '아무 노래나 틀어봐', '아무 노래 아무 노래', '아무 노래나 KOZ']"
창모 (CHANGMO),METEOR,"['Yeah ha', 'Yeah ha', 'Yeah ha', 'Yeah ha', 'Yeah ha', 'Yeah ha', 'Yeah ha', 'Yeah ha', 'Yeah ha', 'Yeah ha', 'Yeah ha', 'Yeah ha', '모두 그에게 말해 또 왔네', '새꺄 whut', '죽지 않고 왔다 이렇게', '새꺄 뭐', 'Snacky chan의', '라인을 빌릴래', '했어 예수처럼 이렇게 부활을', '031 팔 안쪽의', 'tatt freaky woah', '어젠 시장님이 만나쟤 motown', '어수룩해 엄마 속에 걱정', '한 톤만큼 쌓고', '스물한살에 독립했던 얘는', '여섯이 되었고', '발견했지 우연히 5년 전의 노트', '정말 스타 되고 싶어', '그럴려면 가서 만나면 돼 악마', '노트를 덮고', '거울에 비춰진 남자를 보니 와', '저 손목이 너무 부러워', '저 금 daydate rollie', '넘을걸 천백은 더', '전국', '사람들이 외치네', '저 괴물체는 뭘까', 'Meteor', '거대 Meteor', '난 네게 처박힐 Meteor야', '별빛이 내려오지 마구', '내려오지', '경고', '경고', '그래도 처박힐 Meteor야', 'motown의 1번 노랠', '기억해 니들', '뭐였지 뭐였나 음 음', 'i’m the man in the mirror', '그러니 light me up', '1절의 그 별이 2절의 그 별이', '그래 모두 나였지', '실화가 된 동화이지', '힘들 때면 홀로', '쓴 노래를 불러', '환상들을 보던', '성냥팔이 소년이였던 나날들이', '365 24 730 24에 7', '1095 아 그만 세자', '1400이 되니 oh', '그 애랑도 하고 돔페리뇽이 만든', '숙취 땜에 넋을 놓은 나를 향해', '몇천 명이 와 해', '본 적은 없지만 때론', '어떤 존재가', '내 인생을 왔다 간 듯해', '그냥 그런 느낌이 들지', '상관없어 환상이던 현실이던지', 'hands up high', '전국', '사람들이 외치네', '저 괴물체는 뭘까', 'Meteor', '거대 Meteor', '난 네게 처박힐 Meteor야', '별빛이 내려오지 마구', '내려오지', '경고', '경고', '그래도 처박힐 Meteor야', '영 영 영원히', '약속해 영원하기로', '어둠 가득한 저 뒤로', '돌려보내지 말아요 제발 제발', '영 영 영원히', '난 영원할 거라 믿어', '흥분으로 가득차', '이 도시에 나 외칠 꺼야', '드디어 내가 여 왔다']"
조정석,아로하,"['어두운 불빛아래 촛불 하나', '와인 잔에 담긴 약속하나', '항상 너의 곁에서 널 지켜줄거야', '날 믿어준 너였잖아', '나 바라는 건 오직 하나', '영원한 행복을 꿈꾸지만', '화려하지 않아도 꿈같진 않아도', '너만 있어주면 돼', '걱정 마 I believe', '언제나 I believe', '이 순간을 잊지 않을게', '내 품에 I believe', '안긴 너의 미소가', '영원히 빛을 잃어 가지 않게', 'Cause your love is so sweet', 'You are my everything', '첫날 밤에 단 꿈에 젖어', '하는 말이 아냐 난 변하지 않아', '오직 너만 바라볼거야 oh', 'You’re light of my life', 'You are the one in my life', '내 모든걸 다 잃는대도', '후회하지 않아', '오직 너를 위한', '변하지 않는 사랑으로', '나 바라는 건 오직 하나', '영원한 행복을 꿈꾸지만', '화려하지 않아도 꿈같진 않아도', '너만 있어주면 돼', '약속해 I believe', '힘들 땐 I believe', '너의 그늘이 되어줄게', '내품에 I believe', '안긴 너의 미소가', '영원히 빛을 잃어 가지 않게', 'Cause your love is so sweet', 'You are my everything', '첫날 밤에 단 꿈에 젖어', '하는 말이 아냐 난 변하지 않아', '오직 너만 바라볼거야 oh', 'You’re light of my life', 'You are the one in my life', '내 모든걸 다 잃는대도', '후회하지 않아', '오직 너를 위한', '변하지 않는 사랑으로', 'You’re light of my life', 'You are the one in my life', '내 모든걸 다 잃는대도', '후회하지 않아', '오직 너를 위한', '변하지 않는 사랑으로', 'All I ever want is your love']"
장범준,흔들리는 꽃들 속에서 네 샴푸향이 느껴진거야,"['흔들리는 꽃들 속에서', '네 샴푸향이 느껴진거야', '스쳐지나간건가 뒤돌아보지만', '그냥 사람들만 보이는거야', '다와가는 집근처에서', '괜히 핸드폰만 만지는거야', '한번 연락해 볼까 용기내 보지만', '그냥 내 마음만 아쉬운 거야', '걷다가 보면 항상 이렇게 너를', '바라만 보던 너를', '기다린다고 말할까', '지금 집앞에 계속 이렇게 너를', '아쉬워 하다 너를 연락했다 할까', '지나치는 꽃들 속에서', '네 샴푸향만 보이는거야', '스쳐지나간건가 뒤 돌아보지만', '그냥 내 마음만 바빠진거야', '걷다가 보면 항상 이렇게 너를', '바라만 보던 너를', '기다린다고 말할까', '지금 집앞에 계속 이렇게 너를', '아쉬워 하다 너를 연락했다 할까', '어떤 계절이 너를', '우연히라도 너를 마주치게 할까', '난 이대로 아쉬워하다', '너를 바라만 보던 너를', '기다리면서 아무말 못하고', '그리워만 할까', '걷다가 보면 항상 이렇게 너를', '바라만 보던 너를', '생각한다고 말할까', '지금 집앞에 기다리고', '때론 지나치고 다시 기다리는', '꽃이 피는 거리에 보고파라 이밤에', '걷다가 보면 항상 이렇게 너를', '아쉬워 하다 너를', '기다린다고 말할까', '지금 집앞에 계속 이렇게 너를', '아쉬워 하다 너를 연락했다 할까']"
아이유,에잇(Prod.&Feat. SUGA of BTS),"['So are you happy now', 'Finally happy now are you', '', '뭐 그대로야 난', '다 잃어버린 것 같아', '', '모든 게 맘대로 왔다가 인사도 없이 떠나', '이대로는 무엇도 사랑하고 싶지 않아', '다 해질 대로 해져버린', '기억 속을 여행해', '', '우리는 오렌지 태양 아래', '그림자 없이 함께 춤을 춰', '정해진 이별 따위는 없어', '아름다웠던 그 기억에서 만나', 'Forever young', '', '우우우 우우우우 우우우 우우우우', 'Forever we young', '우우우 우우우우', '이런 악몽이라면 영영 깨지 않을게', '', '섬 그래 여긴 섬 서로가 만든 작은 섬', '예 음 forever young 영원이란 말은 모래성', '', '작별은 마치 재난문자 같지', '그리움과 같이 맞이하는 아침', '서로가 이 영겁을 지나', '꼭 이 섬에서 다시 만나', '', '지나듯 날 위로하던 누구의 말대로 고작', '한 뼘짜리 추억을 잊는 게 참 쉽지 않아', '시간이 지나도 여전히', '날 붙드는 그곳에', '', '우리는 오렌지 태양 아래', '그림자 없이 함께 춤을 춰', '정해진 안녕 따위는 없어', '아름다웠던 그 기억에서 만나', '', '우리는 서로를 베고 누워', '슬프지 않은 이야기를 나눠', '우울한 결말 따위는 없어', '난 영원히 널 이 기억에서 만나', 'Forever young', '', '우우우 우우우우 우우우 우우우우', 'Forever we young', '우우우 우우우우', '이런 악몽이라면 영영 깨지 않을게']"
아이유,Blueming,"['‘뭐해?‘라는 두 글자에', '‘네가 보고 싶어’ 나의 속마음을 담아 우', '이모티콘 하나하나 속에', '달라지는 내 미묘한 심리를 알까 우', '', '아니 바쁘지 않아 nothing no no', '잠들어 있지 않아 insomnia nia nia', '지금 다른 사람과 함께이지 않아', '응, 나도 너를 생각 중', '', '우리의 네모 칸은 bloom', '엄지손가락으로 장미꽃을 피워', '향기에 취할 것 같아 우', '오직 둘만의 비밀의 정원', '', 'I feel bloom I feel bloom I feel bloom', '너에게 한 송이를 더 보내', '', '밤샘 작업으로 업데이트', '흥미로운 이 작품의 지은이 that’s me 우', '어쩜 이 관계의 클라이맥스', '2막으로 넘어가기엔 지금이 good timing 우', '', '같은 맘인 걸 알아 realize la lize', '말을 고르지 말아 just reply la la ly', '조금 장난스러운 나의 은유에', '네 해석이 궁금해', '', '우리의 색은 gray and blue', '엄지손가락으로 말풍선을 띄워', '금세 터질 것 같아 우', '호흡이 가빠져 어지러워', '', 'I feel blue. I feel blue. I feel blue.', '너에게 가득히 채워', '', '띄어쓰기없이보낼게사랑인것같애', '백만송이장미꽃을, 나랑피워볼래?', '꽃잎의 색은 우리 마음 가는 대로 칠해', '시들 때도 예쁘게', '', '우리의 네모 칸은 bloom', '엄지손가락으로 장미꽃을 피워', '향기에 취할 것 같아 우', '오직 둘만의 비밀의 정원', '', 'I feel bloom I feel bloom I feel bloom', '너에게 한 송이를 더 보내']"
노을,늦은 밤 너의 집 앞 골목길에서,"['오래되었어 그때 너의 웃음', '너의 목소리 잊혀진거 같아', '시간의 위로 그 말의 의미를 이젠 알아', '아픈 니 얘기도 적당히 할 수 있어', '그런데 이게 뭐랄까 난 난 술 한잔하면서', '괜찮은 듯 얘기하며 널 털어냈는데', '집으로 돌아오면서', '한 번 더 떠오른 기억에', '걸음을 멈춰 서서 이렇게 울고 있어', '자연스럽게 발걸음을 돌려', '나 바래다주던 익숙한 길을 가', '밤이 깊어져서 아무것도 보이지 않아도', '손을 흔들면서 인사하던 널 봤어', '그런데 이게 뭐랄까 난 난 술 한잔하면서', '괜찮은 듯 얘기하며 널 털어냈는데', '집으로 돌아오면서', '한 번 더 떠오른 기억에', '걸음을 멈춰 서서 이렇게 울고 있어', '아무도 없어서 참 다행이야', '나 이렇게 편안히 너를 부를 수 있는 걸', '외로운 위로겠지만', '그래서 이젠 뭘 할까 난 난 널 생각했어도', '괜찮은 듯 얘기하며 다 지워냈는데', '집으로 돌아오면서', '한 번 더 떠오른 추억에', '걸음을 멈춰 서서 또다시 울고 있어']"
가호 (Gaho),시작,"['새로운 시작은 늘 설레게 하지', '모든 걸 이겨낼 것처럼', '시간을 뒤쫓는 시계바늘처럼', '앞질러 가고 싶어 하지', '그어 놓은 선을 넘어', '저마다 삶을 향해', '때론 원망도 하겠지', '그 선을 먼저 넘지 말라고', 'I can fly the sky', 'Never gonna stay', '내가 지쳐 쓰러질 때까진', '어떤 이유도', '어떤 변명도', '지금 내겐 용기가 필요해', '빛나지 않아도 내 꿈을 응원해', '그 마지막을 가질 테니', '부러진 것처럼 한 발로 뛰어도', '난 나의 길을 갈 테니까', '지금 나를 위한 약속', '멈추지 않겠다고', '또 하나를 앞지르면', '곧 너의 뒤를 따라잡겠지', '원하는 대로', '다 가질 거야', '그게 바로 내 꿈일 테니까', '변한 건 없어', '버티고 버텨', '내 꿈은 더 단단해질 테니', '다시 시작해', 'Ah ah ah ah ah', 'Ah ah ah ah ah ah', 'Ah ah ah ah ah', 'Ah ah ah ah', '다시는 나를 잃고 싶지 않아', '내 전부를 걸었으니까', '원하는 대로', '다 가질 거야', '그게 바로 내 꿈일 테니까', '변한 건 없어', '버티고 버텨', '내 꿈은 더 단단해질 테니', '다시 시작해', 'Ah ah ah ah ah', 'Ah ah ah ah ah ah', 'Ah ah ah ah ah', 'Ah ah ah ah']"
방탄소년단,작은 것들을 위한 시 (Boy With Luv) (Feat. Halsey),"['모든 게 궁금해', 'How’s your day', 'Oh tell me', '뭐가 널 행복하게 하는지', 'Oh text me', 'Your every picture', '내 머리맡에 두고 싶어', 'oh bae', 'Come be my teacher', '네 모든 걸 다 가르쳐줘', 'Your 1 your 2', 'Listen my my baby 나는', '저 하늘을 높이 날고 있어', '그때 니가 내게 줬던 두 날개로', '이제 여긴 너무 높아', '난 내 눈에 널 맞추고 싶어', 'Yeah you makin’ me a boy with luv', 'Oh my my my oh my my my', ""I've waited all my life"", '네 전부를 함께하고 싶어', 'Oh my my my oh my my my', 'Looking for something right', '이제 조금은 나 알겠어', 'I want something stronger', 'Than a moment', 'than a moment love', 'I have waited longer', 'For a boy with', 'For a boy with luv', '널 알게 된 이후 ya', '내 삶은 온통 너 ya', '사소한 게 사소하지 않게', '만들어버린 너라는 별', '하나부터 열까지 모든 게 특별하지', '너의 관심사 걸음걸이 말투와', '사소한 작은 습관들까지', '다 말하지 너무 작던', '내가 영웅이 된 거라고', 'Oh nah', '난 말하지 운명 따윈', '처음부터 내 게 아니었다고', 'Oh nah', '세계의 평화', 'No way', '거대한 질서', 'No way', '그저 널 지킬 거야 난', 'Boy with luv', 'Listen my my baby 나는', '저 하늘을 높이 날고 있어', '그때 니가 내게 줬던 두 날개로', '이제 여긴 너무 높아', '난 내 눈에 널 맞추고 싶어', 'Yeah you makin’ me a boy with luv', 'Oh my my my oh my my my', 'You got me high so fast', '네 전부를 함께하고 싶어', 'Oh my my my oh my my my', 'You got me fly so fast', '이제 조금은 나 알겠어', 'Love is nothing stronger', 'Than a boy with luv', 'Love is nothing stronger', 'Than a boy with luv', '툭 까놓고 말할게', '나도 모르게 힘이 들어가기도 했어', '높아버린 sky', '커져버린 hall', '때론 도망치게 해달라며 기도했어', 'But 너의 상처는 나의 상처', '깨달았을 때 나 다짐했던 걸', '니가 준 이카루스의 날개로', '태양이 아닌 너에게로', 'Let me fly', 'Oh my my my oh my my my', ""I've waited all my life"", '네 전부를 함께하고 싶어', 'Oh my my my oh my my my', 'Looking for something right', '이제 조금은 나 알겠어', 'I want something stronger', 'Than a moment', 'than a moment love', 'Love is nothing stronger', 'Than a boy with luv']"
Red Velvet (레드벨벳),Psycho,"['Psycho', '', '널 어쩌면 좋을까', '이런 맘은 또 첨이라', 'Up & Down이 좀 심해', '조절이 자꾸 잘 안돼', '하나 확실한 건', 'I don’t play the game', '', '우리 진짜 별나대', '그냥 내가 너무 좋아해', '넌 그걸 너무 잘 알고', '날 쥐락펴락해', '나도 마찬가지인걸', '', '우린 참 별나고 이상한 사이야', '서로를 부서지게', '(부서지게)', '그리곤 또 껴안아', '(그리곤 또 껴안아)', '', 'You got me feeling like a', 'psycho psycho', '우릴 보고 말해 자꾸 자꾸', '다시 안 볼 듯 싸우다가도', '붙어 다니니 말야', '이해가 안 간대', '웃기지도 않대', '', '맞아 Psycho psycho', '서로 좋아 죽는 바보 바보', '너 없인 어지럽고 슬퍼져', '기운도 막 없어요', '둘이 잘 만났대', 'Hey now we’ll be ok', '', 'Hey trouble', '경고 따윈 없이 오는 너', 'I’m original visual', '우린 원래 이랬어 Yeah', '두렵지는 않아', '(흥미로울 뿐)', 'It’s hot! Let me just hop', '어떻게 널 다룰까? Ooh', '', '어쩔 줄을 몰라 너를 달래고', '매섭게 발로 차도', '가끔 내게 미소 짓는 널', '어떻게 놓겠어 Ooh', '', '우린 아름답고 참 슬픈 사이야', '서로를 빛나게 해', '(Tell me now)', '마치 달과 강처럼', '그리곤 또 껴안아', '', 'You got me feeling like a', 'psycho psycho', '우릴 보고 말해 자꾸 자꾸', '다시 안 볼 듯 싸우다가도', '붙어 다니니 말야', '이해가 안 간대', '웃기지도 않대', '', '맞아 Psycho psycho', '서로 좋아 죽는 바보 바보', '너 없인 어지럽고 슬퍼져', '기운도 막 없어요', '둘이 잘 만났대', 'Hey now we’ll be ok', '', 'Don’t look back', '그렇게 우리답게 가보자', '난 온몸으로 널 느끼고 있어', 'Everything will be ok', '', '(You got me feeling like a psycho)', 'Like a psycho psycho', '우릴 보고 말해 자꾸 자꾸', '다시 안 볼 듯 싸우다가도', '붙어 다니니 말야', '둘이 잘 만났대', 'Hey now we’ll be ok', '', 'Hey now we’ll be ok', 'Hey now we’ll be ok', 'Hey now we’ll be ok', 'Hey now we’ll be ok', '', 'It’s alright', 'It’s alright', '', 'Hey now we’ll be ok', 'Hey now we’ll be ok', 'Hey now we’ll be ok', 'Hey now we’ll be ok', '', 'It’s alright', 'It’s alright', '', '우린 좀 이상해', 'Psycho']"
AKMU (악뮤),"어떻게 이별까지 사랑하겠어, 널 사랑하는 거지","['일부러 몇 발자국 물러나', '내가 없이 혼자 걷는 널 바라본다', '옆자리 허전한 너의 풍경', '흑백 거리 가운데 넌 뒤돌아본다', '그때 알게 되었어', '난 널 떠날 수 없단 걸', '우리 사이에 그 어떤 힘든 일도', '이별보단 버틸 수 있는 것들이었죠', '어떻게 이별까지 사랑하겠어', '널 사랑하는 거지', '사랑이라는 이유로', '서로를 포기하고', '찢어질 것같이 아파할 수 없어 난', '두세 번 더 길을 돌아갈까', '적막 짙은 도로 위에 걸음을 포갠다', '아무 말 없는 대화 나누며', '주마등이 길을 비춘 먼 곳을 본다', '그때 알게 되었어', '난 더 갈 수 없단 걸', '한 발 한 발 이별에 가까워질수록', '너와 맞잡은 손이 사라지는 것 같죠', '어떻게 이별까지 사랑하겠어', '널 사랑하는 거지', '사랑이라는 이유로', '서로를 포기하고', '찢어질 것같이 아파할 수 없어 난', '어떻게 내가 어떻게 너를', '이후에 우리 바다처럼 깊은 사랑이', '다 마를 때까지', '기다리는 게 이별일 텐데', '어떻게 내가 어떻게 너를', '이후에 우리 바다처럼 깊은 사랑이', '다 마를 때까지', '기다리는 게 이별일 텐데']"
방탄소년단,Dynamite,"['Cos ah ah', 'I’m in the stars tonight', 'So watch me bring the fire', 'and set the night alight', 'Shoes on get up in the morn', 'Cup of milk let’s rock and roll', 'King Kong kick the drum', 'rolling on like a rolling stone', 'Sing song when I’m walking home', 'Jump up to the top LeBron', 'Ding dong call me on my phone', 'Ice tea and a game of ping pong', 'This is getting heavy', 'Can you hear the bass boom', 'I’m ready', 'Life is sweet as honey', 'Yeah this beat cha ching', 'like money', 'Disco overload I’m into', 'that I’m good to go', ""I'm diamond you know I glow up"", 'Hey so let’s go', 'Cos ah ah', 'I’m in the stars tonight', 'So watch me bring the fire', 'and set the night alight', 'Shining through the city', 'with a little funk and soul', 'So I’mma light it up', 'like dynamite woah', 'Bring a friend join the crowd', 'Whoever wanna come along', 'Word up talk the talk', 'just move like we off the wall', 'Day or night the sky’s alight', 'So we dance to the break of dawn', 'Ladies and gentlemen', 'I got the medicine', 'so you should keep ya', 'eyes on the ball huh', 'This is getting heavy', 'Can you hear the bass boom', 'I’m ready', 'Life is sweet as honey', 'Yeah this beat cha ching', 'like money', 'Disco overload', 'I’m into that I’m good to go', ""I'm diamond you know I glow up"", 'Let’s go', 'Cos ah ah', 'I’m in the stars tonight', 'So watch me bring the fire', 'and set the night alight', 'Shining through the city', 'with a little funk and soul', 'So I’mma light it up', 'like dynamite woah', 'Dynnnnnanana life is dynamite', 'Dynnnnnanana life is dynamite', 'Shining through the city', 'with a little funk and soul', 'So I’mma light it up', 'like dynamite woah', 'Dynnnnnanana eh', 'Dynnnnnanana eh', 'Dynnnnnanana eh', 'Light it up like dynamite', 'Dynnnnnanana eh', 'Dynnnnnanana eh', 'Dynnnnnanana eh', 'Light it up like dynamite', 'Cos ah ah', 'I’m in the stars tonight', 'So watch me bring the fire', 'and set the night alight', 'Shining through the city', 'with a little funk and soul', 'So I’mma light it up', 'like dynamite', 'Cos ah ah', 'I’m in the stars tonight', 'So watch me bring the fire', 'and set the night alight', 'Shining through the city', 'with a little funk and soul', 'So I’mma light it up', 'like dynamite woah', 'Dynnnnnanana life is dynamite', 'Dynnnnnanana life is dynamite', 'Shining through the city', 'with a little funk and soul', 'So I’mma light it up', 'like dynamite woah']"
아이유,마음을 드려요,"['당신에게 드릴 게 없어서', '나의 마음을 드려요', '그대에게 받은 게 많아서', '표현을 다 할 수가 없어요', '', '나지막한 인사에', '수많은 내 마음 고이 담아', '그대에게로 건네면', '내 마음 조금 알까요', '', '어떤 이유로 만나', '나와 사랑을 하고', '어떤 이유로 내게 와', '함께 있어준 당신', '', '부디 행복한 날도', '살다 지치는 날도', '모두 그대의 곁에 내가', '있어줄 수 있길', '', '어떤 소식 보다 더', '애타게 기다려지는 그대', '엇갈리지 않게 여기', '기다릴게요', '', '눌러 적은 편지에', '수많은 그리움 고이 담아', '그대 내게로 올 때면', '그 손에 쥐어줄게요', '', '어떤 이유로 만나', '나와 사랑을 하고', '어떤 이유로 내게 와', '함께 있어준 당신', '', '부디 행복한 날도', '살다 지치는 날도', '모두 그대의 곁에 내가', '있어줄 수 있길', '', '네 번의 모든 계절들과', '열두 달의 시간을 너와', '숨이 차게 매일', '사랑하며 함께 할게', '', '어떤 이유로 만나', '우리 사랑을 했던', '지금 이 순간처럼', '매일 바라보며', '애써주기를', '', '부디 행복한 날도', '살다 지치는 날도', '모두 그대의 곁에 내가', '있어줄 수 있길', '', '부디', '추억만 남지 않길 너완']"
엠씨더맥스 (M.C the MAX),처음처럼,"['눈이 부시게 웃던 널 기억해', '이제는 다시 볼 수 없게 됐지만', '끝내 붙잡았던 기억들만', '이 겨울을 지나간다', '나지막이 들리지 않게 전하는', '기다릴게 이 한마디 대신', '피고 진다 뜨겁게 시린 우리 사랑', '보내지 못한 계절처럼', '피어나 단 한 번도 겨울이 없었던 것처럼', '피어나 언제라도 사랑스러운 그대로', '추억은 지나버린 계절에', '그대로 놓아두고서', '그래 처음처럼', '가슴속에 켜켜이 쌓은 그리움', '이 눈물로 흘려내면 그뿐', '이 눈물이 그댈 피워낼 수 있다면', '그걸로 나는 괜찮은걸', '피어나 단 한 번도 겨울이 없었던 것처럼', '피어나 언제라도 사랑스러운 그대로', '스치듯 그대 곁에 맴도는', '이 작은 한마디조차', '여기 남겨두고', '아픈 기억은 여기 남기고', '피어나 우리 처음 만났던 그때 그대처럼', '피어나 사랑했던 그대 모습 그대로', '추억은 지나버린 계절에', '그대로 놓아두고서', '마치 처음처럼']"
BLACKPINK,How You Like That,"['보란 듯이 무너졌어', '바닥을 뚫고 저 지하까지', '옷 끝자락 잡겠다고', '저 높이 두 손을 뻗어봐도', '', '다시 캄캄한 이곳에 light up the sky', '네 두 눈을 보며 I’ll kiss you goodbye', '실컷 비웃어라 꼴좋으니까', '이제 너희 하나 둘 셋', '', 'Ha how you like that?', 'You gon’ like that that that that that', 'How you like that?', 'How you like that that that that that', '', 'Now look at you now look at me', 'Look at you now look at me', 'Look at you now look at me', '', 'How you like that', '', 'Now look at you now look at me', 'Look at you now look at me', 'Look at you now look at me', '', 'How you like that', '', 'Your girl need it all and that’s a hundred', '백 개 중에 백 내 몫을 원해', 'Karma come and get some', '딱하지만 어쩔 수 없잖아', 'What’s up, I’m right back', '방아쇠를 cock back', 'Plain Jane get hijacked', 'Don’t like me? Then tell me how you like that', '', '더 캄캄한 이곳에 shine like the stars', '그 미소를 띠며 I’ll kiss you goodbye', '', '실컷 비웃어라 꼴좋으니까', '이제 너희 하나 둘 셋', '', 'Ha how you like that?', 'You gon’ like that that that that that', 'How you like that?', 'How you like that that that that that', '', 'Now look at you now look at me', 'Look at you now look at me', 'Look at you now look at me', '', 'How you like that', '', 'Now look at you now look at me', 'Look at you now look at me', 'Look at you now look at me', '', 'How you like that', '', '날개 잃은 채로 추락했던 날', '어두운 나날 속에 갇혀 있던 날', '그때쯤에 넌 날 끝내야 했어', 'Look up in the sky it’s a bird it’s a plane', '', 'Bring out your boss bish', '', 'BLACKPINK!', '', 'How you like that', 'You gon’ like that', 'How you like that']"
오마이걸 (OH MY GIRL),살짝 설렜어 (Nonstop),"['going nonstop', '말도 안 되잖아 그치 yayayaya', '우린 서로가 모르는 게 없는 사인 걸', '이토록 빤히 nanananana', 'like nanananana', '우리 사이 비밀 따위 있을 리 없는 걸', '다 봤지 우린', 'hi hi weak body', 'like them burning and burn but 쉿', '요즘 오늘 또 내일 매일 다른 아는 옷', '이렇게 달라 보인다고 hoo', '흑역사까지 전부 알고 있는 널', 'yeah 절대 그럴 리는 없어 난', 'never ever 그래야만 해', '무인도에 어느 날 떨어진 거야', '둘만 남게 됐다면 넌 어떨 것 같아', '생각만 해도 무섭다 얼굴을 찌푸렸지만', '너에겐 얘기 못 해 절대로', '살짝 설렜어 난 oh nanananana', '살짝 설렜어 난 oh nanananana', '그럴 일 없지만 살짝 설렜어 난', 'nonstop nonstop', 'nonstop nonstop nonstop', '그럴 일 없지만 살짝 설렜어 난', '요즘 나 너무 외로워 좀 이상해진 것 같아', '너를 보면서 심장이 뛴 건', 'back it up pack it up 비켜 서 있어', '두근거렸던 게 문제야', '아냐 그게 대체 왜 죄야', '선을 넘은 거야 fz 레이더', '오르락내리락 여긴 friend zone', '무인도에 어느 날 떨어진 거야', '둘만 남게 됐다면 넌 어떨 것 같아', '생각만 해도 무섭다 얼굴을 찌푸렸지만', '너에겐 얘기 못 해 절대로', '살짝 설렜어 난 oh nanananana', '살짝 설렜어 난 oh nanananana', '그럴 일 없지만 살짝 설렜어 난', 'I have to go to the bed by night', '졸음이 오는 걸까 time', '필요하지 않지 아마', '머릿속은 이미 지름길이잖아', '네가 원한다면 내가 뒤로 두 칸', 'Did you wanna twin spot nop 한 칸', '유감인 척 하지 마 설레는 거 맞잖아', '꽤나 혼란스러워 이러는 나도', '누구보다 더 이럴 땐 너를 찾아갔지만', '이 고민만큼은 네게 말할 수 없어', '언제부턴가 널 보면', '살짝 설렜어 난', '살짝 설렜어 난 oh nanananana', '살짝 설렜어 난 oh nanananana', '그럴 일 없지만 살짝 설렜어 난', 'nonstop nonstop', 'nonstop nonstop nonstop', '그럴 일 없지만 살짝 설렜어 난', 'nonstop nonstop', 'nonstop nonstop nonstop', '넌 알 리 없지만 살짝 설렜어 난']"
방탄소년단,ON,"[""I can't understand what people are sayin'"", '어느 장단에 맞춰야 될지', '한 발자국 떼면 한 발자국 커지는 shadow', '잠에서 눈을 뜬 여긴 또 어디', '어쩜 서울 또 New York or Paris', '일어나니 휘청이는 몸', '', 'Look at my feet, look down', '날 닮은 그림자', '흔들리는 건 이놈인가', '아니면 내 작은 발끝인가', '두렵잖을 리 없잖아', '다 괜찮을 리 없잖아', '그래도 I know', '서툴게 I flow', '저 까만 바람과 함께 날아', '', 'Hey na na na', '미치지 않으려면 미쳐야 해', 'Hey na na na', '나를 다 던져 이 두 쪽 세상에', 'Hey na na na', 'Can’t hold me down cuz you know I’m a fighter', '제 발로 들어온 아름다운 감옥', ""Find me and I'm gonna live with ya"", '', '(Eh-oh)', '가져와 bring the pain oh yeah', '(Eh-oh)', '올라타봐 bring the pain oh yeah', ""Rain be pourin'"", ""Sky keep fallin'"", 'Everyday oh na na na', '(Eh-oh)', '가져와 bring the pain oh yeah', '', 'Bring the pain', '모두 내 피와 살이 되겠지', 'Bring the pain', 'No fear, 방법을 알겠으니', '작은 것에 breathe', '그건 어둠 속 내 산소와 빛', '내가 나이게 하는 것들의 힘', '넘어져도 다시 일어나 scream', '', '넘어져도 다시 일어나 scream', '언제나 우린 그랬으니', '설령 내 무릎이 땅에 닿을지언정', '파묻히지 않는 이상', '그저 그런 해프닝쯤 될 거란 걸', 'Win no matter what', 'Win no matter what', 'Win no matter what', '네가 뭐라던 누가 뭐라던', ""I don't give a uhh"", ""I don't give a uhh"", ""I don't give a uhh"", '', 'Hey na na na', '미치지 않으려면 미쳐야 해', 'Hey na na na', '나를 다 던져 이 두 쪽 세상에', 'Hey na na na', 'Can’t hold me down cuz you know I’m a fighter', '제 발로 들어온 아름다운 감옥', ""Find me and I'm gonna live with ya"", '', '(Eh-oh)', '가져와 bring the pain oh yeah', '(Eh-oh)', '올라타봐 bring the pain oh yeah', ""Rain be pourin'"", ""Sky keep fallin'"", 'Everyday oh na na na', '(Eh-oh)', '가져와 bring the pain oh yeah', '', '나의 고통이 있는 곳에', '내가 숨 쉬게 하소서', 'My everythin’', 'My blood and tears', 'Got no fears', ""I'm singin’ ohhhhh"", 'Oh I’m takin’ over', 'You should know yeah', 'Can’t hold me down cuz you know I’m a fighter', '깜깜한 심연 속 기꺼이 잠겨', 'Find me and I’m gonna bleed with ya', '', '(Eh-oh)', '가져와 bring the pain oh yeah', '(Eh-oh)', '올라타봐 bring the pain oh yeah', ""Rain be pourin'"", ""Sky keep fallin'"", 'Everyday oh na na na', '(Eh-oh)', 'Find me and I’m gonna bleed with ya', '', '(Eh-oh)', '가져와 bring the pain oh yeah', '(Eh-oh)', '올라타봐 bring the pain oh yeah', 'All that I know', 'is just goin’ on & on & on & on', '(Eh-oh)', '가져와 bring the pain oh yeah']"
마크툽 (MAKTUB),오늘도 빛나는 너에게 (To You My Light) (Feat.이라온),"['별빛이 내린 밤', '그 풍경 속 너와 나', '날 새롭게 하는', '따뜻하게 만드는', '니 눈빛 니 미소', '영원히 담아둘게', '너로 가득한 맘', '널 닮아가는 나', '날 위한 선물', '꿈보다 더 아름다운', '서로의 품에서', '끝 없는 밤을 걷자', '나의 모든 날들을 다 주고싶어', '내 이 맘을 모두 전하고 싶어', '잠들지 못한', '푸른 바람들', '이렇게 밝게 이 밤을 비춰', '너와 작은 일상을 함께 하는게', '내 가장 큰 기쁨인걸 넌 알까', '내 세상 속에', '넌 빛이 되어', '지금 모습 그대로 내 곁에만', '행복이 짙은 날', '어둠이 없는 밤', '같은 맘 속에', '같은 꿈이 피어난 건', '우리의 정해진', '운명이 맞닿은거야', '나의 모든 날들을 다 주고싶어', '내 이 맘을 모두 전하고 싶어', '잠들지 못한', '푸른 바람들', '이렇게 밝게 이 밤을 비춰', '너와 작은 일상을 함께 하는게', '내 가장 큰 기쁨인걸 넌 알까', '내 세상 속에', '넌 빛이 되어', '지금 모습 그대로 내 곁에만', '내게 온 너란 빛이 눈 부셔도', '네 앞에서 한 순간도 눈 감지 않아', '다가올 시간도', '계절의 바람도', '널 데려가지 못하게', '내가 더 좋은 사람이 되고 싶어', '더 아름답게 널 안을 수 있게', '잠들지 못한', '잠들 수 없는', '바람들이 널 부르고 있어', '언제까지나 너와 함께 할거야', '내 마지막 숨결도 너일거야', '내 세상 속에', '넌 빛이 되어', '지금 모습 그대로 내 곁에만', '이렇게 밝게 이 밤을 비춰']"
블루 (BLOO),Downtown Baby,"['너는 나의 다운타운 베이비야', '너의 눈은 밤하늘에 별이야', '매일마다 꾸고 싶은 꿈이야', 'Baby without you', 'I can’t do this anymore', '너는 나의 다운타운 베이비야', '너의 눈은 밤하늘에 별이야', '매일마다 꾸고 싶은 꿈이야', 'Baby without you', 'I can’t do this anymore', '628 너 집 번호', '네 집 앞이니까 나와 Let’s Roll', '시간 아까우니 잡아 나의 두 손', 'I don’t wanna let go', '핑크머리색에 피어싱은 세 개', '너는 좋아했지 나의 팔베개', '우린 서로 아파하는 짓도 나빠', '하나밖에 없는 Downtown Baby', '너는 나의 다운타운 베이비야', '너의 눈은 밤하늘에 별이야', '매일마다 꾸고 싶은 꿈이야', 'Baby without you', 'I can’t do this anymore', '너는 나의 다운타운 베이비야', '너의 눈은 밤하늘에 별이야', '매일마다 꾸고 싶은 꿈이야', 'Baby without you', 'I can’t do this anymore', '영화 보고', 'Let’s drink all night long', '담배 한 대 피며', 'Talk all night long', '힘든 일이 있을 땐 내게 와 일로', '너의 얇은 팔로 감싸 나를 사이로', '지금 아프더라도 It’s alright', '시간은 다 지나가 It’s alright', '항상 그랬지 넌 손발이 차가워', '그래서 내게 말했지 빨리 안아줘', 'I’ll make you Rich 조금만', '기다려 네가 없는 날에는 Raining', 'I’ll do anything 조금만', '기다려 맑았던 하늘도', '다시 보니 Gray', '술도 한잔 못 했던 네가 날 만나', '와인을 사와', '술도 한잔 못 했던 네가 날 만나', '마음이 아파', '너는 나의 다운타운 베이비야', '너의 눈은 밤하늘에 별이야', '매일마다 꾸고 싶은 꿈이야', 'Baby without you', 'I can’t do this anymore', '너는 나의 다운타운 베이비야', '너의 눈은 밤하늘에 별이야', '매일마다 꾸고 싶은 꿈이야', 'Baby without you', 'I can’t do this anymore', 'It’s okay baby', '항상 같은 자리에서 있을게', 'It’s okay baby', '널 위해 내 핸드폰을 켜 놓을게', 'It’s okay baby', '항상 같은 자리에서 있을게', 'It’s okay baby', '널 위해 내 핸드폰을 켜 놓을게', '너는 나의 다운타운 베이비야', '너의 눈은 밤하늘에 별이야', '매일마다 꾸고 싶은 꿈이야', 'Baby without you', 'I can’t do this anymore', '너는 나의 다운타운 베이비야', '너의 눈은 밤하늘에 별이야', '매일마다 꾸고 싶은 꿈이야', 'Baby without you', 'I can’t do this anymore']"
화사 (HWASA),마리아 (Maria),"['욕을 하도 먹어 체했어 하도', '서러워도 어쩌겠어 I do', '모두들 미워하느라 애썼네', '날 무너뜨리면', '밥이 되나', '', '외로워서 어떡해', '미움마저 삼켰어', '화낼 힘도 없어', '여유도 없고', '뭐 그리 아니꼬와', '가던 길 그냥 가', '왜들 그래 서럽게', '', '마리아 마리아', '널 위한 말이야', '빛나는 밤이야', '널 괴롭히지마', '오 마리아 널 위한 말이야', '뭐 하러 아등바등해', '이미 아름다운데', '', '(yeah) Oh na ah ah', '(yeah) 널 위한 말이야', '(yeah) Oh na ah ah', '(yeah) 아름다워 마리아', '', 'No frame no fake', '지끈 지끈거려', '하늘은 하늘색 사는 게 다 뻔해', '내가 갈 길은 내가 바꾸지 뭐', '위기는 기회로 다 바꾸지 뭐', '굳이 우는 꼴이 보고 싶다면', '옜다 눈물', '', '외로워서 어떡해', '미움마저 삼켰어', '화낼 힘도 없어', '이유도 없고', '마음을 더럽히지마', '타락하기엔 아직 일러', '', '마리아 마리아', '널 위한 말이야', '빛나는 밤이야', '널 괴롭히지마', '오 마리아 널 위한 말이야', '뭐 하러 아등바등해', '이미 아름다운데', '', '(yeah) Oh na ah ah', '(yeah) 널 위한 말이야', '(yeah) Oh na ah ah', '(yeah) 아름다워 마리아', '', '마리아 마리아', '널 위한 말이야', '빛나는 밤이야', '널 괴롭히지마', '오 마리아 널 위한 말이야', '뭐 하러 아등바등해', '이미 아름다운데', '', '(yeah) Oh na ah ah', '(yeah) 널 위한 말이야', '(yeah) 널 위한 말이야', '(yeah) 아름다워 마리아']"
오반,어떻게 지내 (Prod. By VAN.C),"['어떻게 지내 식상한 말이', '내 가사가 될 줄 몰랐어', '얼마 안됐네 지나온 날이', '다 알아도 그립더라고', 'i still need you', 'i need you', 'i still need you', 'i need you', '시간이 필요했어 우린 정말 사랑했지만', '가살 쓰는 법도 잊어버리게 됐지 난', '넌 헤어지면 우리 노랠 제발 내지 말아', '달라 했지만 못 들어줘 미안', '나는 하루 종일 누워 있었어', '불면이 심해져서 안 피곤한 날이 없어', '가끔은 문 밖에서 누가 문을 두드려', '그건 환상인데도 나는 두려워', '다시 눈 뜨면 니가 있을까', '그럼 무서운 표정을 지을까', '아니면 어떤 대화를 나누고 싶어질 수도', '있어 그때처럼', '대체 왜 보고싶지 남겨진 상처 대신', '남은 건 혼자 돼버린 역시 너와 나겠지', '난 아직 낯설기만 해 넌 어때', '더 지독해 지기 전에 잊어볼게', '어떻게 지내 식상한 말이', '내 가사가 될 줄 몰랐어', '얼마 안됐네 지나온 날이', '다 알아도 그립더라고', 'i still need you', 'i need you', 'i still need you', 'i need you', '월요일에 병원을 예약했어', '너 없이 사는게 힘들었나봐', '하루도 빼지 않고 사람을 만나', '너도 알겠지만 오봉이도 데려 왔어', '너무 그리워하지 않더라 예범이는', '난 약을 먹었지만 아닐거야 별일은', '자전거를 타고 어디론가 가려하면', '다 너와 간 곳 뿐인게 좀 그럴 뿐야', '여기저기에 핑계를 대 불면증 습관이 돼', '너가 아닌 사람에게 널 원하고', '흉터가 된 상처는 더 이상', '아프지가 않잖아', '그래서 널 그리나봐 이젠 눈물이 나와', '널 다치게 하지 않을 순 없었을까', '만약 나 때문이었다면 다 나 때문이면', '어떻게 지내 식상한 말이', '내 가사가 될 줄 몰랐어', '얼마 안됐네 지나온 날이', '다 알아도 그립더라고', 'i still need you', 'i need you', 'i still need you', 'i need you', '널 이렇게 망가지게 한 게', '나인 건 아닐까', '내가 이렇게 망가지다니', '대체 왜 병원에 다닐까', '널 이렇게 망가지게 한 게', '나인 건 아닐까', '내가 이렇게 망가지다니', '대체 왜 병원에 다닐까']"
폴킴,"모든 날, 모든 순간 (Every day, Every Moment)","['네가 없이 웃을 수 있을까', '생각만 해도 눈물이나', '힘든 시간 날 지켜준 사람', '이제는 내가 그댈 지킬 테니', '너의 품은 항상 따뜻했어', '고단했던 나의 하루에', '유일한 휴식처', '나는 너 하나로 충분해', '긴 말 안 해도 눈빛으로 다 아니깐', '한 송이의 꽃이 피고 지는', '모든 날 모든 순간 함께해', '햇살처럼 빛나고 있었지', '나를 보는 네 눈빛은', '꿈이라고 해도 좋을 만큼', '그 모든 순간은 눈부셨다', '불안했던 나의 고된 삶에', '한줄기 빛처럼 다가와', '날 웃게 해준 너', '나는 너 하나로 충분해', '긴 말 안 해도 눈빛으로 다 아니깐', '한 송이의 꽃이 피고 지는', '모든 날 모든 순간 함께해', '알 수 없는 미래지만', '네 품속에 있는 지금 순간 순간이', '영원 했으면 해', '갈게 바람이 좋은 날에', '햇살 눈부신 어떤 날에 너에게로', '처음 내게 왔던 그날처럼', '모든 날 모든 순간 함께해']"
"싹쓰리 (유두래곤, 린다G, 비룡)",다시 여기 바닷가,"['예아 호우 예예예', '싹쓰리 인더 하우스', '커커커커커몬 싹 쓰리 투 렛츠고', '나 다시 또 설레어', '이렇게 너를 만나서', '함께 하고 있는 지금 이 공기가', '다시는 널 볼 순 없을 거라고', '추억일 뿐이라', '서랍 속에 꼭 넣어뒀는데', '흐르는 시간 속에서', '너와 내 기억은', '점점 희미해져만 가', '끝난 줄 알았어', '지난여름 바닷가', '너와 나 단둘이', '파도에 취해서 노래하며', '같은 꿈을 꾸었지', '다시 여기 바닷가', '이제는 말하고 싶어', '네가 있었기에 내가 더욱 빛나', '별이 되었다고', '다들 덥다고 막 짜증내', '괜찮아 우리 둘은 따뜻해', '내게 퐁당 빠져버린 널', '이젠 구하러 가지 않을 거야', '모래 위 펴펴펴편지를 써', '밀물이 밀려와도 못 지워', '추억이 될 뻔한 첫 느낌', '너랑 다시 한번 받아 보고 싶어', '흐르는 시간 속에서', '너와 내 기억은', '점점 희미해져만 가', '끝난 줄 알았어', '지난여름 바닷가', '너와 나 단둘이', '파도에 취해서 노래하며', '같은 꿈을 꾸었지', '다시 여기 바닷가', '이제는 말하고 싶어', '네가 있었기에 내가 더욱 빛나', '별이 되었다고', '시간의 강을 건너', '또 맞닿은 너와 나', '소중한 사랑을 영원히', '간직해줘', '지난여름 바닷가', '너와 나 단둘이', '파도에 취해서 노래하며', '같은 꿈을 꾸었지', '다시 여기 바닷가', '이제는 말하고 싶어', '네가 있었기에 내가 더욱 빛나', '별이 되었다고']"
오마이걸 (OH MY GIRL),Dolphin,"['oh my god 타이밍이 참 얄미워', '오늘 같은 날 마주쳐 이게 뭐야', '머리는 엉망인 데다', '상태가 말이 아니야', '모른 척 지나가 줘', '내 맘이 방심할 때마다 불쑥 나타난 뒤', '헤엄치듯 멀어지는 너', '또 물보라를 일으켜', 'da da da da da da da da da da', 'da da da da', '또 물보라를 일으켜', 'da da da da da da da da da da', 'da da da da', '또 물보라를 일으켜', '어쩐지 오늘 알람이 안 울려', '아무거나 막 입었고 지각이야', '아래로 몸을 낮추고 숨을 꾹 참아봤지만', '아이쿠 들켰나 봐', '내 맘이 방심할 때마다 불쑥 나타난 뒤', '헤엄치듯 멀어지는 너', '또 물보라를 일으켜', 'da da da da da da da da da da', 'da da da da', '또 물보라를 일으켜', 'da da da da da da da da da da', 'da da da da', '또 물보라를 일으켜', '이 파도 위 난 온종일 서핑을 하는 느낌', '아찔한 feeling 난 솔직히 푹 빠졌지', '하지만 이건 secret 또 물보라를 일으켜', '갑자기 웃으며 얼굴을 불쑥 다가온 뒤', '원을 갈라 하트를 그려', '또 물보라를 일으켜', 'da da da da da da da da da da', 'da da da da', '또 물보라를 일으켜', 'da da da da da da da da da da', 'da da da da', '또 물보라를 일으켜', 'da da da da da da da da da da', 'da da da da', '또 물보라를 일으켜', 'da da da da da da da da da da', 'da da da da', '또 물보라를 일으켜']"
전미도,사랑하게 될 줄 알았어,"['널 처음 사진으로 본 그날', '구십구년 일월 삼십일일', '그날 이후 지금 이 순간까지', '나 하나만 기다려준 너를', '오늘도 습관 같은 내 전화', '따스히 받아 주는 너에게', '세상 가장 행복한 사람으로', '만들어 준 너를 너무 사랑해', '사랑하게 될 줄 알았어', '우리 처음 만난 그날에', '시간 속에 희미해지는 사랑에', '그대가 흔들린대도', '그땐 내가 잡을게요 그대처럼', '너무 편한 사이가 싫어서', '너무 오랜 사랑 힘들어서', '아픈 눈물 흘리는 널 돌아선', '못된 내 마음도 기다려준 너를', '사랑하게 될 줄 알았어', '우리 처음 만난 그날에', '시간 속에 희미해지는 사랑에', '그대가 흔들린대도', '그땐 내가 잡을게요 그대처럼', '얼마나 힘들었을까 못난 내 눈물도', '따스히 감싸준 너를', '오 사랑하게 될 줄 알았어', '우리 처음 만난 그날에', '시간 속에 희미해지는 사랑에', '그대가 흔들린대도 내가 잡을게요', '아무 걱정 마요 내 손을 잡아요', '처음 그날처럼 우리']"
폴킴,안녕,"['안녕 이라는 말을해', '짧은 시간을 뒤로 한채로', '여전히 아프겠지만', '하룻밤 자고 나면 사라지는 꿈처럼', '너를 oh 잊게될까 두려워져', '무심히 널 떠올리게 되면', '불안해지는 맘 어떻게 해야하니', '안녕 이제는 안녕', '이 말 도저히 할 수가 없어', '너로 가득찬 내 마음', '겨우 내가 할 수 있는 일', '너를 사랑하는 거', '다시 널 만날 수 있길', '아주 오래 전부터 정해진 연일지도', '너밖에 모를 내가 되었던 그때가', '두려워져 널 안고 있으면', '자꾸 욕심이나 어쩔 수 없는걸', '안녕 이제는 안녕', '이 말 도저히 할 수가 없어', '너로 가득찬 내 마음', '겨우 내가 할 수 있는 일', '너를 사랑하는 거', '다시 널 만날 수 있길', '굳게 닫힌 저 문이 열리면', '그때는 널 다시 볼 수 있을까', '잠시 스치듯 만나', '운명처럼 날 꽃 피우게 해', '매일 널 꿈꾸겠지만', '가득 채울 그리움만큼', '바라는 건 단 하나', '계속 내 곁에 있어줘']"
김필,그때 그 아인,"['길었던 하루 그림잔', '아직도 아픔을 서성일까', '말없이 기다려 보면', '쓰러질 듯 내게 와 안기는데', '마음에 얹힌 슬픈 기억은', '쏟아낸 눈물로는 지울 수 없어', '어디서부터 지워야 할까', '허탈한 웃음만이', '가슴에 박힌 선명한 기억', '나를 비웃듯 스쳐 가는 얼굴들', '잡힐 듯 멀리 손을 뻗으면', '달아나듯 조각난 나의 꿈들만', '두 갈래 길을 만난 듯', '멍하니 한참을 바라보다', '무언가 나를 이끌던', '목소리에 한참을 돌아보면', '지나온 모든 순간은 어린', '슬픔만 간직한 채 커버렸구나', '혼자서 잠들었을 그 밤도', '아픔을 간직한 채', '시간은 벌써 나를 키우고', '세상 앞으로 이젠 나가 보라고', '어제의 나는 내게 묻겠지', '웃을 만큼 행복해진 것 같냐고', '아직 허기진 소망이', '가득 메워질 때까지', '시간은 벌써 나를 키우고', '세상 앞으로 이젠 나가 보라고', '어제의 나는 내게 묻겠지', '웃을 만큼 행복해진 것 같냐고', '아주 먼 훗날 그때 그 아인', '꿈꿔왔던 모든 걸 가진 거냐고']"
산들,취기를 빌려 (취향저격 그녀 X 산들),"['언제부턴가 불쑥', '내 습관이 돼버린 너', '혹시나 이런 맘이', '어쩌면 부담일까', '널 주저했어', '언제부턴가 점점', '내 하루에 스며든 너', '아침을 깨우는 네 생각에', '어느샌가 거리엔', '어둠이 젖어 들고', '취기를 빌려', '오늘 너에게 고백할 거야', '하루하루 네가 좋다고', '괜히 어색할까', '혼자 애만 태우다', '끝끝내 망설여왔던 순간', '알잖아 나 무뚝뚝하고', '말도 없는 걸', '서툰 표현이 쑥스러워서 괜히', '쓰다 지울 문자만 바라보다', '멋쩍은 쓴웃음만', '언제부턴가 가끔', '너와 마주칠 때마다', '한참을 머뭇거린', '어설픈 손 인사만', '오늘 밤도 후회로 잦아들고', '취기를 빌려', '오늘 너에게 고백할 거야', '하루하루 보고 싶다고', '괜히 어색할까 혼자 애만 태우다', '수없이 연습해왔던 그 말', '알잖아 나 무뚝뚝하고', '말도 없는 걸', '서툰 표현이 쑥스러워서 괜히', '쓰다 지울 문자만 바라보다', '멋쩍은 쓴웃음만', '첫눈을 빌려', '오늘은 꼭 고백할 거야', '작은 너를 품에 안고서', '눈을 마주하고', '너무 사랑한다고', '함께 하고 싶다고']"
아이유,Love poem,"['누구를 위해 누군가', '기도하고 있나 봐', '', '숨죽여 쓴 사랑시가', '낮게 들리는 듯해', '', '너에게로 선명히 날아가', '늦지 않게 자리에 닿기를', '', 'I’ll be there 홀로 걷는 너의 뒤에', 'Singing till the end 그치지 않을 이 노래', '아주 잠시만 귀 기울여 봐', '유난히 긴 밤을 걷는 널 위해 부를게', '', '또 한 번 너의 세상에', '별이 지고 있나 봐', '', '숨죽여 삼킨 눈물이', '여기 흐르는 듯해', '', '할 말을 잃어 고요한 마음에', '기억처럼 들려오는 목소리', '', 'I’ll be there 홀로 걷는 너의 뒤에', 'Singing till the end 그치지 않을 이 노래', '아주 커다란 숨을 쉬어 봐', '소리 내 우는 법을 잊은 널 위해 부를게', '', '(다시 걸어갈 수 있도록)', '부를게', '(다시 사랑할 수 있도록)', '', 'Here i am 지켜봐 나를, 난 절대', 'Singing till the end 멈추지 않아 이 노래', '너의 긴 밤이 끝나는 그날', '고개를 들어 바라본 그곳에 있을게']"
마마무 (Mamamoo),HIP,"['All I wanna be is 멋짐', '내 마음대로 골라 kick it', '머리 어깨 무릎 다 HIP 해', 'Do it do it like me do it', '나를 따라 해 kick it', 'Clapping clapping 모두 같이 HIP', 'I love you 네가 뭐라든 간에', 'Respect you 네가 뭘 하든 간에', '늘 따끈따끈해 그 관심이 따끔따끔해', '또 힐끔 힐끔 힐끔', '이젠 모든 일이 가뿐해 veteran', '성공을 썰어 먹어 마치 michelin', '누구보다 빠른 걸음을 걸었네 비시즌', '잊은 지도 오래야 뒷걸음', 'All I wanna be is 멋짐', '내 멋대로 골라 kick it', '머리 어깨 무릎 다 HIP', '삐삐삐 논란이 돼 my fashion', '별로 신경 안 써 그저 action', '자꾸 click me click me', '홀린 듯이 zoom', 'Close up close up close up', 'HIP 해 HIP HIP', '머리 어깨 무릎 HIP', 'HIP HIP HIP HIP HIP HIP 해 HIP HIP', '머리 어깨 무릎 HIP', 'HIP HIP HIP HIP 해 HIP', 'Attention 어딜 가든 넌', 'Reflection 빛날 수 있어', '세상에 넌 하나뿐인 걸', '근데 왜이래 네 얼굴에 침 뱉니 칵투', '날 자극한 여러분 감사', '거기서 멈춘 찌질이 반사', '덕분에 나의 멘탈은 단단해', '난 다음 앨범 만들러 갈게', 'All you wanna be is trendy', '어그로 끌기 gimmick 때찌', '그런 애들 끼리끼리 HIP', '삐삐삐 논란이 돼 my fashion', '별로 신경 안 써 그저 action', '자꾸 click me click me', '홀린 듯이 zoom', 'Close up close up close up', 'HIP 해 HIP HIP', '머리 어깨 무릎 HIP', 'HIP HIP HIP HIP HIP HIP 해 HIP HIP', '머리 어깨 무릎 HIP', 'HIP HIP HIP HIP 해 HIP', '코 묻은 티', '삐져나온 입', '떡진 머리', '난 상관없지', '코 묻은 티', '삐져나온 입', '떡진 머리', '내가 하면 HIP', '코 묻은 티', '삐져나온 팬티', '떡진 머리', '난 상관없지', '코 묻은 티', '삐져나온 팬티', '떡진 머리', '내가 하면 HIP', '삐삐삐 논란이 돼 my fashion', '별로 신경 안 써 그저 action', '자꾸 click me click me', '홀린 듯이 zoom', 'Close up close up close up', 'HIP 해 HIP HIP', '머리 어깨 무릎 HIP', 'HIP HIP HIP HIP HIP HIP 해 HIP HIP', '머리 어깨 무릎 HIP', 'HIP HIP HIP HIP 해 HIP']"
신예영,우리 왜 헤어져야 해,"['이런 말 하기까지가 참 어려워서', '그대를 보낼 준비가', '되질 않아서', '아프고 또 아파서', '이젠 무뎌진 걸까', '나의 욕심인가 봐', '서운한 말을 하는 게', '너무 미안했어', '그토록 바라고 또', '바랬던 서롤 볼 수 없을까 봐', '그랬나 봐 내가', '헤어지고 나서야 궁금해진 말', '우리 왜 헤어져야 해', '혹시 내가 잘못 한 게 있다면', '한 번 더 내게 기회를 준다면', '내가 더 노력할게', '네가 싫어하던 행동도', '다신 하지 않을게', '돌아와 나를 꼭 안아줘', '마음이 변한 거라면', '솔직했음 해', '내가 좀 구차해지면', '다 잊혀질까', '널 다시 외면하고', '지낼 수 있을까', '원래 없었던 것처럼 나 정말', '나는 헤어지기 싫어', '네가 너무 보고파', '네가 자꾸 생각나', '내게 돌아와 줘', '그때 널 붙잡지 못했던', '나를 용서한다면', '돌아와 나를 꼭 안아줘', '많이 사랑하나 봐', '비참해진 나지만', '이렇게라도 해서 널', '다시 만날 수 있게 되면', '너무 밉다고 그냥 네게 안겨서', '왜 이제서야 돌아왔냐고', '울고불고 소리칠 텐데', '나는 헤어지기 싫어', '하고 싶은 말이 많은데', '혼자 두고 가지 말라고', '네 손을 붙잡아도', '끝을 혼자 정해버리고', '왜 날 두고 떠나가', '다신 보지도 않을 사람처럼', '아직 헤어지기 싫어', '네가 아직 좋아서', '찢어질 듯 아파와', '그런 말 하지 마', '내가 잘못 한 게 있다면', '내가 미안하다고', '제발 날 떠나지 말아 줘']"
조이 (JOY),좋은 사람 있으면 소개시켜줘,"['좋은 사람 있으면 소개시켜줘', '때로는 물처럼 때로는 불처럼', '진심으로 나만을 사랑할 수 있는', '성숙하고 성실한 사람이라면 좋겠어', '좋은 사람 있으면 소개시켜줘', '사랑에도 연습은 있는 거기에', '아주 조그만 일에도 신경을 써주는', '사랑 경험이 많은 사람이라면 좋겠어', '한번쯤은 실연에 울었었던', '눈이 고운 사람 품에 안겨서', '뜨겁게 위로받고 싶어', '혼자임에 지쳤던 내 모든걸', '손이 고운 사람에게 맡긴 채', '외로움을 잊을 수 있다면', '좋은 사람 있으면 소개시켜줘', '만남 그 자체에 연연하기보다', '한번을 만나더라도 그 때 분위기에', '최선을 다하려는 사람이라면 좋겠어', '나에겐 아픈 상처가 있는데', '과거가 없는 사람은 부담스러워', '한번쯤은 실연에 울었었던', '눈이 고운 사람 품에 안겨서', '뜨겁게 위로받고 싶어', '혼자임에 지쳤던 내 모든걸', '손이 고운 사람에게 맡긴 채', '외로움을 잊을 수 있다면', '겨울이라 날씨가 추웠을까', '팔짱끼는 연인들의 모습에', '나의 눈이 왜 시려울까', '한땐 나도 저런 때 있었다며', '새로운 사람이 그리운걸까', '옛사람이 그리워진걸까', '옛사람이 그리워진걸까']"
백현 (BAEKHYUN),너를 사랑하고 있어,"['어떤 말로 표현해야 이 감정을 알까', '어떻게 널 바라봐야 나의 마음을 알까', '너와 같이 계절을 겪고 너와 거리를 걷고', '아주 천천히 너를 알아가는 이 시간 속에', '네가 어디 있다 해도', '너를 사랑하고 있어', '서두르지 않을게 난', '네 뒤에 서 너를 지켜줄게', 'I will be with you', '너에게 다가갈게', 'I will be with you', '난 언제나 my love for you', '너와 같은 시간 속에 머물고 싶은데', '너와 같은 공간 속에 함께 하고 싶은데', '천천히 난 걸어가 볼게 바로 네가 있는 곳', '너에게 가는 연습일 거라고 믿고 있으니', '네가 어디 있다 해도', '너를 사랑하고 있어', '서두르지 않을게 난', '네 뒤에 서 너를 지켜줄게', 'I will be with you', '너에게 다가갈게', 'I will be with you', '난 언제나 my love for you', '우우우우우우', '나에게 대답해줘', '우우우우우우', '나에게 약속해줘', '오랜 시간이 언젠가 지나가면', '나의 마음을 그땐 너도 알게될까']"
방탄소년단,봄날,"['보고 싶다', '이렇게 말하니까 더 보고 싶다', '너희 사진을 보고 있어도', '보고 싶다', '너무 야속한 시간', '나는 우리가 밉다', '이젠 얼굴 한번 보는 것 조차', '힘들어진 우리가', '여긴 온통 겨울 뿐이야', '8월에도 겨울이 와', '마음은 시간을 달려가네', '홀로 남은 설국열차', '니 손 잡고 지구 반대편까지 가', '겨울을 끝내고파', '그리움들이 얼마나', '눈처럼 내려야 그 봄날이 올까', 'Friend', '허공을 떠도는', '작은 먼지처럼 작은 먼지처럼', '날리는 눈이 나라면', '조금 더 빨리', '네게 닿을 수 있을 텐데', '눈꽃이 떨어져요', '또 조금씩 멀어져요', '보고 싶다 보고 싶다', '보고 싶다 보고 싶다', '얼마나 기다려야', '또 몇 밤을 더 새워야', '널 보게 될까 널 보게 될까', '만나게 될까 만나게 될까', '추운 겨울 끝을 지나', '다시 봄날이 올 때까지', '꽃 피울 때까지', '그곳에 좀 더 머물러줘', '머물러줘', '니가 변한 건지', '니가 변한 건지', '아니면 내가 변한 건지', '내가 변한 건지', '이 순간 흐르는 시간조차 미워', '우리가 변한 거지 뭐', '모두가 그런 거지 뭐', '그래 밉다 니가 넌 떠났지만', '단 하루도 너를', '잊은 적이 없었지 난', '솔직히 보고 싶은데', '이만 너를 지울게', '그게 널 원망하기보단', '덜 아프니까', '시린 널 불어내 본다', '연기처럼 하얀 연기처럼', '말로는 지운다 해도', '사실 난 아직 널 보내지 못하는데', '눈꽃이 떨어져요', '또 조금씩 멀어져요', '보고 싶다 보고 싶다', '보고 싶다 보고 싶다', '얼마나 기다려야', '또 몇 밤을 더 새워야', '널 보게 될까 널 보게 될까', '만나게 될까 만나게 될까', 'You know it all', ""You're my best friend"", '아침은 다시 올 거야', '어떤 어둠도 어떤 계절도', '영원할 순 없으니까', '벚꽃이 피나봐요', '이 겨울도 끝이 나요', '보고 싶다 보고 싶다', '보고 싶다 보고 싶다', '조금만 기다리면', '며칠 밤만 더 새우면', '만나러 갈게 만나러 갈게', '데리러 갈게 데리러 갈게', '추운 겨울 끝을 지나', '다시 봄날이 올 때까지', '꽃 피울 때까지', '그곳에 좀 더 머물러줘', '머물러줘']"
방탄소년단,Black Swan,"['Do your thang', 'Do your thang with me now', 'Do your thang', 'Do your thang with me now', 'What’s my thang', 'What’s my thang tell me now', 'Tell me now', 'Yeah yeah yeah yeah', 'Ayy', '심장이 뛰지 않는대', '더는 음악을 들을 때', 'Tryna pull up', '시간이 멈춘 듯해', 'Oh that would be my first death', 'I been always afraid of', '이게 나를 더 못 울린다면', '내 가슴을 더 떨리게 못 한다면', '어쩜 이렇게 한 번 죽겠지 아마', 'But what if that moment’s', 'right now', 'Right now', '귓가엔 느린 심장 소리만', 'bump bump bump', '벗어날래도 그 입속으로', 'jump jump jump', '어떤 노래도 와닿지 못해', '소리 없는 소릴 질러', '모든 빛이 침묵하는 바다', 'yeah yeah yeah', '길 잃은 내 발목을 또 잡아', 'yeah yeah yeah', '어떤 소리도 들리지 않아', 'yeah yeah yeah', 'Killin’ me now', 'Killin’ me now', 'Do you hear me yeah', '홀린 듯 천천히 가라앉아', 'nah nah nah', '몸부림쳐봐도 사방이 바닥 nah nah', '모든 순간들이 영원이 돼', 'yeah yeah yeah', 'Film it now', 'Film it now', 'Do you hear me yeah', 'Do your thang', 'Do your thang with me now', 'Do your thang', 'Do your thang with me now', 'What’s my thang', 'What’s my thang tell me now', 'Tell me now', 'Yeah yeah yeah yeah', 'Deeper', 'Yeah I think I’m goin’ deeper', '자꾸 초점을 잃어', '이젠 놓아줘 싫어', '차라리 내 발로 갈게', '내가 뛰어들어갈게', '가장 깊은 곳에서', '나는 날 봤어', '천천히 난 눈을 떠', '여긴 나의 작업실 내 스튜디오', '거센 파도', '깜깜하게 나를 스쳐도', '절대 끌려가지 않을 거야 다시 또', 'Inside', 'I saw myself myself', '귓가엔 빠른 심장 소리만', 'bump bump bump', '두 눈을 뜨고 나의 숲으로', 'jump jump jump', '그 무엇도 날 삼킬 수 없어', '힘껏 나는 소리 질러', '모든 빛이 침묵하는 바다', 'yeah yeah yeah', '길 잃은 내 발목을 또 잡아', 'yeah yeah yeah', '어떤 소리도 들리지 않아', 'yeah yeah yeah', 'Killin’ me now', 'Killin’ me now', 'Do you hear me yeah', '홀린 듯 천천히 가라앉아', 'nah nah nah', '몸부림쳐봐도 사방이 바닥 nah nah', '모든 순간들이 영원이 돼', 'yeah yeah yeah', 'Film it now', 'Film it now', 'Do you hear me yeah', 'Do your thang', 'Do your thang with me now', 'Do your thang', 'Do your thang with me now', 'What’s my thang', 'What’s my thang tell me now', 'Tell me now', 'Yeah yeah yeah yeah']"
지코 (ZICO),Summer Hate (Feat. 비),"['Good morning', '하마터면 달 뜰 때까지 쿨쿨쿨 잠잘 뻔', '택배 아저씨 초인종 소리에 기상 가까스로', '부재중 전화 5통, 잠금 패턴 또 안 맞고', '어제 남긴 피자는 맛없어 그냥 이나 닦자', '', 'Dazzling dazzling dazzling', '세게 뙤약볕 내리쬐', '아침형 인간들 진심으로 리스펙', '불쾌지수 지붕킥', 'Please give me some 시금치', '움직일 엄두도 안 나', '', '궁시렁거리는 와중에', '뭘 입고 나갈지 피팅 중이야', '주차장은 또 왜 이리 멀어', '발끝에서부터 힘이 쭉 빠져', '', '몇 주째 내비는 먹통인 데다가', '에어컨 바람마저 미지근하지', 'I want to run way', '미친 하루를 시작해', '', '우예 차라리', '비나 쏟아졌음 좋겠다', '', 'It’s so freaking hot 땀이 삐질 나', '서둘러 찾아야 돼 태양을 피할 방법', '가는 곳마다 사람이 꽉 차', '서울의 열기는 당최 식을 줄 몰라', '', 'I hate this summer day', 'I hate this summer day', '', '주말이 오기만 기다리는 것도', '이제는 오래전 일', '땀 흘리며 놀기엔 너무', '안 받쳐 줘 체력이', '네가 가라 하와이 Sorry', '난 바닷물 Allergy', '아쉬운 대로 여름 노래', '크게 틀고 웹서핑', '', 'Exit exit 인터넷 창 열면 더 숨 막혀', '무슨 영문인지 모조리 뿔났어', 'That’s not cool, how about you?', '일단 냉수 한 잔 쭉', '시간 참 더럽게 안 가', '', '애벌레처럼 장판에 붙어', '딱 한 겹만 남은 허물을 벗어', '몇 년째 솔로 그래서 뭐?', '옆구리 시리지 않잖아 전혀', '', '헬게이트 열렸네 활짝', '오렌지색 도시는 반짝', '참았던 짜증이 왈칵!', '다들 애써 즐기는 척', '재고 있지 탈주각 Right?', '', '우예 차라리', '비나 쏟아졌음 좋겠다', '', 'It’s so freaking hot 땀이 삐질 나', '서둘러 찾아야 돼 태양을 피할 방법', '가는 곳마다 사람이 꽉 차', '서울의 열기는 당최 식을 줄 몰라', '', 'I hate this summer day', 'I hate this summer day', '', '칠 팔월만 되면 숨이 막혀 Yeah', 'Mama said 가만있으면 안 덥대', '그늘진 곳은 내 얼굴밖에 없네', 'Is anybody there 사람 살려 (꿱!)']"
볼빨간사춘기,나비와 고양이 (feat.백현 (BAEKHYUN)),"['나를 보면 숨어요', '어디든 자유롭게 날아요', '이 날씨도 그댈 위한 거예요', '난 너를 찾아요', '그러면 그댄 어디든 있어요', '내 손 위에 머물러 잠시 앉아 쉬어요', '몰래몰래 그대를 보아요', '사랑스런 날개', '그댄 어디서 온 건가요', '말하지 못한 채 나 손을 뻗어요', '보랏빛 날개 그대는 달아요', '내 맘이 그런 것처럼', '그대 맘이 그런 것처럼 yeah', '나를 보면 숨어요', '어디든 자유롭게 날아요', '이 날씨도 그댈 위한 거예요', '난 너를 찾아요', '그러면 그댄 어디든 있어요', '내 손 위에 머물러 잠시 앉아 쉬어요', '가만히 난 몰래몰래 그대를 보아요', '사랑스런 날개', '그댄 어디서 온 건가요', '말하지 못한 채 나 손을 뻗어요', '보랏빛 날개 그대는 달아요', '내 맘이 그런 것처럼', '그대 맘이 그런 것처럼 yeah', '나를 보면 숨어요', '어디든 자유롭게 날아요', '이 날씨도 그댈 위한 거예요', '난 너를 찾아요', '그러면 그댄 어디든 있어요', '내 손 위에 머물러 잠시 앉아 쉬어요', '설렘이 가득하죠', '이 날씨도 그 기분까지도', '난 너를 찾아요', '그러면 그댄 어디든 있어요', '내 손 위에 머물러 잠시 앉아 쉬어요', '내 어깨에 기대어', '잠시 눈을 감아요']"
백예린 (Yerin Baek),"다시 난, 여기","['나의 마음이 움직여', '그냥 길을 따라 걸어가도', '다시 여기 너의 앞에', '두려웠던 나의 맘에', '하얀 눈이 내려와', ""So I'm still"", 'I’m here and I’ll be there', '따듯한 어깨에 기대어', '이렇게 다시 너를 느껴', 'I’m still and I’m here', '이렇게라도 널 담을게', '우리 서로 밀어내더라도', '그 때문에 더 깊이 새겨져', '여기 또 거기', '다른 하늘이라도', '너의 맘을 기억해', ""and I'm still I'm here"", '흔들렸던 나의 맘에', '네가 다시 다가와', ""So I'm still"", 'I’m here and I’ll be there', '얼어붙은 이 길을 지나', '이렇게 다시 너를 만나', ""I'm still and I'm here"", '다시 널 놓치지 않을래', '계속 네가 나를 밀어내도', '혹시 나의 눈에 사라져도', '여기 나 여기', '곁에 늘 서 있을게', '나의 맘이 움직여', ""and I'm still I'm here"", '난 너의 기억이 다 지워질까 봐', '마음에 새겨도', '너를 볼 수 없게 될까 봐', '시간이 난 두려워', '다시 너를 찾아봐 또 이렇게', ""I'm still and I'm here"", '다시 널 놓치지 않을래', '세상 어느 곳에 있더라도', '어디라도 내가 찾아갈게', '여기 나 여기', '곁에 늘 서 있을게', '나의 맘이 움직여', ""and I'm still I'm here""]"
제시 (Jessi),눈누난나 (NUNU NANA),"['I’m trying to give u', 'something more', 'So come with me and fly away', 'away away away away', '그래서 난 눈누난나', '눈누누난나', 'Put’ em up in the air', '누나 누나', 'Like this oh 나나나', '누나 누나', '에에에에이', '나를 지금 원해', 'Gimme more Gimme more', 'Gimme more Gimme more', 'Baby baby yeah I want it', '이리로 이리로 이리로 이리 온', '유난 떨지 마 그만', '원한다면 솔직해져 봐 too much', '우 baby 와서 가져가', 'I could give u everything anything', 'Baby can u handle it', '뭐라 하던 still don’t give a what', '맘대로 계속 떠들어', 'they talk about me', '뭐라노 뭐라카노 F U', '그래서 난 눈누난나', '눈누누난나', 'Put’ em up in the air', '누나 누나', 'Like this oh 나나나', '누나 누나', '에에에에이', 'I’m still Jessi from the block', 'U know I got the keys to the lock', '안 봐 남의 눈치 I just do me', '날 보기 위해 들어 뒤꿈치', 'Wake up bless looking fresh', '어딜 가든 flex got the S', 'on my chest', '싸이 오빠 말했지 꼴리는 대로 해', 'no red lights 올림픽대로 aye', '뭐라 하던 still don’t give a what', '맘대로 계속 떠들어', 'they talk about me', '뭐라노 뭐라카노 F U', '그래서 난 눈누난나', '눈누누난나', 'Put’ em up in the air', '누나 누나', 'Like this oh 나나나', '누나 누나', '에에에에이', 'I’m trying to give u', 'something more', 'So come with me and fly away', 'away away away away', '그래서 난 눈누난나', '눈누누난나', 'Put’ em up in the air', '누나 누나', 'Like this oh 나나나', '누나 누나', '에에에에이']"
하현우 (국카스텐),돌덩이,"['Hit me harder Make me strong', '그저 정해진 대로 따르라고', '그게 현명하게 사는 거라고', '쥐 죽은 듯이 살라는 말', '같잖은 말 누굴 위한 삶인가', '뜨겁게 지져봐', '절대 꼼짝 않고 나는 버텨낼 테니까', '거세게 때려봐', '네 손만 다칠 테니까', '나를 봐', '끄떡없어', '쓰러지고 떨어져도', '다시 일어나 오를 뿐야', '난 말야', '똑똑히 봐', '깎일수록 깨질수록', '더욱 세지고 강해지는 돌덩이', '감당할 수 없게 벅찬 이 세상', '유독 내게만 더 모진 이 세상', '모두가 나를 돌아섰고', '비웃었고 아픔이 곧 나였지', '시들고 저무는', '그런 세상 이치에 날 가두려 하지 마', '틀려도 괜찮아', '이 삶은 내가 사니까', '나를 봐', '끄떡없어', '쓰러지고 떨어져도', '다시 일어나 오를 뿐야', '난 말야', '똑똑히 봐', '깎일수록 깨질수록', '더욱 세지고 강해지는 돌덩이', '누가 뭐라 해도 나의 길', '오직 하나뿐인 나의 길', '내 전부를 내걸고서 Hey', '걸어가', '계속해서', '부딪히고 넘어져도', '다시 일어나 걷는 거야', '언젠가', '이 길 끝에 서서', '나도 한 번 크게 한 번', '목이 터져라 울 수 있을 때까지']"
스탠딩 에그,오래된 노래,"['오래 전에 함께 듣던 노래가', '발걸음을 다시 멈춰서게 해', '이 거리에서', '너를 느낄 수 있어', '널 이 곳에서', '꼭 다시 만날 것 같아', '너 일까봐 한번더 바라보고', '너 일까봐 자꾸 돌아보게 돼', '어디선가 같은 노래를 듣고', '날 생각하며', '너 역시 멈춰있을까', '오래 전에 함께 듣던 노래가', '거리에서 내게', '우연히 들려온 것처럼', '살아가다 한번쯤', '우연히 만날 것 같아', '사랑했던 그 모습 그대로', '내 사랑이', '그대로인 것처럼', '발걸음이 여길', '찾는 것처럼', '꼭 만날꺼야', '지금 이 노래처럼', '날 사랑하는 네 맘도', '같을테니까', '오래 전에 함께 듣던 노래가', '거리에서 내게', '우연히 들려온 것처럼', '살아가다 한번쯤', '우연히 만날 것 같아', '사랑했던 그 모습 그대로', '운명처럼 아니면 우연처럼', '우리가 다시 예전처럼', '만날 수 있다면', '너에게 나 해주고 싶은', '말이 하나 있어', '널 다시는 놓치지 않을게', '오래 전에 함께 듣던 노래가', '거리에서 내게', '우연히 들려온 것처럼', '살아가다 한번쯤', '우연히 만날 것 같아', '사랑했던 그 모습 그대로']"
전상근,사랑이란 멜로는 없어,"['다 끝이라고', '우리 다신 마주하지 말자', '내게 모질게도', '대했던 그대에게', '처음으로 내뱉은 말', '아직 사랑하는데', '더는 내 곁에 없단 걸 알아', '너 먼저 떠나고', '혼자 남겨진 나는', '오늘도 한숨만 내쉬며 걷는다', '사랑이란 멜로는 없어', '그렇게 사랑했던 우리가 남이 되는 게', '돌아오지 않을 네 뒷모습을 보며', '아직 너를 사랑한다고', '말하지 못했어', '사랑이란 멜로는 없어', '혹시 네가 다시 돌아오면', '고백할게', '거짓말이라고 보고 싶었다고', '우연히라도 마주치길', '바래왔었다고', '오늘 하루가 참 길어', '우리 그렇게 헤어지던 날', '애써 웃음을 지었던', '내가 참 바보 같죠', '그때 널 잡았었다면', '지금 달라졌을까', '사랑이란 멜로는 없어', '그렇게 사랑했던 우리가 남이 되는 게', '돌아오지 않을 네 뒷모습을 보며', '아직 너를 사랑한다고', '말하지 못했어', '하루 종일 네 사진을 보고 있으면', '다시 돌아가고 싶어', '너를 품에 안고 싶어', '그날 그대를 놓치지 않았다면', '어땠을까', '사랑이란 멜로는 없어', '사랑이란 멜로는 없어', '그렇게 사랑했던 우리가 남이 되는 게', '돌아오지 않을 네 뒷모습을 보며', '아직 너를 사랑한다고', '말하지 못했어', '사랑이란 멜로는 없어', '혹시 네가 다시 돌아오면', '고백할게', '거짓말이라고 보고 싶었다고', '우연히라도 마주치길', '바래왔었다고']"
진민호,반만,"['다 알고 있어', '네가 만났던 사람', '난 한 번도 이길 수 없었어', '성격도 안 맞고', '싸운 기억뿐이라며', '욕하면서 왜 못 잊는 거야', '그 사람이 다 아물 만큼', '이젠 내가 두 배로 잘 할 테니까', '그만 아파도 돼', '괜찮아 반만', '난 더도 말고 반만', '딱 그 사람의 반만', '사랑해주면 돼', '미안하지 않아도 돼', '아직 네 눈에 보이는 그 사람을', '다 모른 척해 줄 테니까', '넌 그냥 내게 와주면 돼', '가끔 내 앞에서', '받지 않는 전화쯤은', '얼마든지 참아줄 수 있어', '그 사람이 가끔 보여도', '내 옆에만 있어주면 괜찮아', '이젠 행복해도 돼', '괜찮아 반만', '난 더도 말고 반만', '딱 그 사람의 반만', '사랑해주면 돼', '미안하지 않아도 돼', '아직 네 눈에 보이는 그 사람을', '다 모른 척해 줄 테니까', '하루만', '한 시간만', '아니 일 분만', '나로 가득 채울 순 없는 걸까', '이제 넌 나만', '사랑하면 돼 나만', '제발 울지 마', '다 알아 네 잘못이 아니야', '몇 년이 가도 괜찮아', '너의 눈에 나만 보일 그날까지', '얼마든 기다릴 테니까', '가끔 그 사람 생각해도 돼']"
HYNN (박혜원),시든 꽃에 물을 주듯,"['아무말도 아무것도', '여전히 넌 여기 없고', '널 원하고 널 원해도 난 외롭고', '꽃이 피고 진 그 자리', '끝을 몰랐었던 맘이', '깨질 것만 같던 그때 우리 음', '시든 꽃에 물을 주듯', '싫은 표정조차 없는', '결국엔 부서진 여기 우리 음', '다 잊었니 말없이 다 잊었니', '사랑한단 말로 날 가둬둔 채로', '넌 잊었니 난 잊지 못하나봐', '바보처럼 기다려 난 오늘도', '어쩌다 이렇게 됐지', '너무 예뻤잖아 둘이', '매일 설레였지 그때 우린 음', '시든 꽃에 물을 주듯', '싫은 표정조차 없는', '결국엔 부서진 여기 우리', '다 잊었니 말없이 다 잊었니', '사랑한단 말로 날 가둬둔 채로', '넌 잊었니 난 잊지 못하나봐', '바보처럼 기다린', '바보처럼 빈 자릴 붙잡는 나', '차라리 다 끝났다고 말해줘', '이기적인 그 침묵에 또 나만', '바보처럼 미련한', '내가 미워', '아무말도 아무것도', '여전히 넌 여기 없고', '널 원하고 널 원해도 난 지쳐가']"
폴킴,너를 만나,"['너를 만난 그 이후로', '사소한 변화들에 행복해져', '눈이 부시게 빛 나는 아침', '너를 떠올리며 눈 뜨는 하루', '식탁 위에 마주 앉아', '너의 하루는 어땠는지 묻거나', '나의 하루도 썩 괜찮았어', '웃으며 대답해 주고 싶어', '별것 아닌 일에 맘이 통할 때면', '익숙해진 서로가 놀라웠어', '널 사랑해', '평온한 지금처럼만', '영원하고 싶다고', '너를 바라보다 생각했어', '너를 만나 참 행복했어', '나 이토록 사랑할 수 있었던 건', '아직 어리고 모자란 내 맘', '따뜻한 이해로 다 안아줘서', '무심한 말투에 서로 아플 때면', '차가워진 사이가', '견딜 수 없어 미안해', '불안한 지금이라도', '영원하고 싶다고', '너를 바라보다 생각했어', '너를 만나 참 행복했어', '나 이토록 사랑할 수 있었던 건', '아직 어리고 모자란 내 맘', '따뜻한 이해로 다 안아줘서', '뜨거웠던 여름 지나', '그리워질 빗소리에', '하나 둘 수줍어 또 얼굴 붉히면', '생각이 많아진', '너의 눈에 입 맞출 테니', '우리 함께 걸어가기로 해', '나를 만나 너도 행복하니', '못 해준 게 더 많아서 미안해', '이기적이고 불안한 내가', '너에게만은 잘하고 싶었어', '오랫동안 나 기다려온', '완벽한 사랑을 찾은 것 같아', '날 잡아줘서 힘이 돼줘서', '소중한 배려로 날 안아줘서', '너를 만나']"
백예린 (Yerin Baek),Square (2017),"['All the colors and personalities', '모든 색깔과 성격들', 'you can’t see right through what I truly am', '그것들 사이로는 내가 정말 어떤 사람인지 볼 수 없어', 'you’re hurting me without noticing', '넌 예고도 없이 나에게 상처를 주고', 'I’m so, so broke like someone just robbed me', '누가 날 털어간 것 마냥 부서진 것 같아', '', 'I’m no invincible', '난 강한 사람이 아니야', 'I have much memories of getting more weaker', '난 점점 약해져가는 기억들이 훨씬 많은 걸', 'I know I’m not loveable', '나도 내가 사랑받을 수 없는 거 알아', 'but you know what you’d have to say', '그래도 네가 어떤 말을 해줘야 하는지 알지?', '', '', '“Come on let’s go to bed', '“나와 같이 침대로 가자', 'we gonna rock the night away', '우린 이 밤을 신나게 보낼 거야', 'who did that to you, babe', '누가 너에게 그런 짓을 한 거야', 'If you’re not in the right mood to sleep now then,', '네가 당장 잠들 수 있는 기분이 아니라면', 'Come on, let’s drink and have very unmanageable day', '나와서 나랑 한잔하고, 감당하기 힘든 하루를 보내자!', 'would you want me in bae', '내가 거기 있길 바라?', 'If you’re not in the right mood to sleep now then', '네가 당장 잠들 수 있는 기분이 아니라면', 'come take my arms and go', '나와 함께 가자!', 'I’II be yours for sure”', '내가 너의 것이 되어줄게!”', '', '', 'All the traces and reminiscences', '모든 흔적들과 과거를 회상하는 일들', 'You can’t sense right through how I truly was', '그 사이로는 내가 정말 어땠는지 느낄 수 없을 거야', 'You were gripping me without noticing', '넌 날 예고도 없이 끌어당겼고', 'Was so, so strange like Someone never loved me', '마치 누가 날 사랑한 적이 없는 것처럼 정말 낯설었어', '', 'I’m no invincible', '난 강한 사람이 아니야', 'I have much memories of getting more weaker', '난 점점 약해져가는 기억들이 훨씬 많은 걸', 'I know I’m not loveable', '나도 내가 사랑받을 수 없는 거 알아', 'but you know what you’d have to say', '그래도 네가 어떤 말을 해줘야 하는지 알지?', '', '', '“Come on let’s go to bed', '“나와 같이 침대로 가자', 'we gonna rock the night away!', '우린 이 밤을 신나게 보낼거야', 'who did that to you, babe', '누가 너에게 그런 짓을 한거야', 'If you’re not in the right mood to sleep now then,', '네가 당장 잠들 수 있는 기분이 아니라면', 'Come on, let’s drink and have very unmanageable day', '나와서 나랑 마시고, 감당하기 힘든 하루를 보내자', 'would you want me, in bae', '내가 거기 있길 바라?', 'If you’re not in the right mood to sleep now then', '네가 당장 잠들 수 있는 기분이 아니라면', 'come take my arms and go', '나와 함께 가자', 'I’ll be yours for sure”', '내가 너의 것이 되어줄게”', '', '', 'You’re the only one, who saw my yesterday', '너는 내 어제를 본 유일한 사람이야', 'the one who knows I’m here alive today', '여기, 오늘 내가 살아있다는 걸 아는 사람이고', 'Comfort me say, what I’m meant to you', '날 위로해줘, 내가 너에게 어떤 뜻인지 말해줘', 'you should know what you have to say', '네가 뭐라고 해야 하는지 알아야 해', '', '', '“Come on let’s go to bed', '“나와 같이 침대로 가자', 'we gonna rock the night away', '우린 이 밤을 신나게 보낼 거야', 'who did that to you, babe', '누가 너에게 그런 짓을 한거야', 'If you’re not in the right mood to sleep now then,', '네가 당장 잠들 수 있는 기분이 아니라면', 'Come on, let’s drink and have very unmanageable day', '나와서 나랑 마시고, 감당하기 힘든 하루를 보내자', 'would you want me in, bae', '내가 거기 있길 바라?', 'If you’re not in the right mood to sleep now then', '네가 당장 잠들 수 있는 기분이 아니라면', 'come, take my arms and go', '나와 함께 가자', 'I’ll be yours for sure”', '내가 너의 것이 되어줄게”']"
IZ*ONE (아이즈원),FIESTA,"['때가 왔어 오랜 기다림을 끝내', '움츠렸던 맘을 일으켜', '활짝 기지개를 켜 난 Ah', '눈빛은 어느샌가 짙어져 있는 걸', '나의 시간이 됐어', '아침에게 말해 Oh', '오늘이 좋을 것 같아', '이젠 아득했던 꿈들이 멀지가 않아', '오직 나를 위한 Woo', '축제를 열어볼 거야', '좋을 때란 거 그것 역시 내가 정해', '색색의 꽃을 피우고', '꽃가루가 흩날리면', '축제는 절정인 걸 끝나지 않을', '이건 Climax', '나의 모든 순간이 아름답고 눈부셔', '이거 하나만 기억해', '지금이라고', 'Fiesta 내 맘에 태양을 꾹 삼킨 채', '영원토록 뜨겁게 지지 않을게', '이 모든 계절', '나의 모든 계절 매일 화려한 이 축제', '한 번쯤은 꼭 놀러 와', ""It's my fiesta"", '온통 축제니까', ""It's my fiesta"", '이제부터가 난 시작이야', '더 기대해봐도 좋아', '더 뛰어올라 더 소리쳐봐', '이건 신기루가 아냐', '오래전부터 계속 상상해 왔던 걸', '특별해지는 너와 나', '별들에게 말해 Oh', '내일이 더 좋을 것 같아', '이젠 펼쳐지는 일들이 겁나지 않아', '오직 나를 위한 Woo', '축제를 이어갈 거야', '날 감싸 안은 낯선 향기 더 새롭게', '색색의 꽃을 피우고', '꽃가루가 흩날리면', '축제는 절정인 걸 끝나지 않을', '이건 Climax', '나의 모든 순간이 아름답고 눈부셔', '이거 하나만 기억해', '지금이라고', 'Fiesta 내 맘에 태양을 꾹 삼킨 채', '영원토록 뜨겁게 지지 않을게', '이 모든 계절', '나의 모든 계절 매일 화려한 이 축제', '한 번쯤은 꼭 놀러 와', 'Fiesta', '눈을 감아 멈춰있던 나를 깨워', '내 안의 나를 천천히 안아주면', '여러 색깔들로 더 내가 빛날 때면', '매일 그려왔던 진짜 내 모습 가까이', '지금이라고', 'Fiesta 내 맘에 태양을 꾹 삼킨 채', '영원토록 뜨겁게 지지 않을게', '이 모든 계절', '나의 모든 계절 매일 화려한 이 축제', '한 번쯤은 꼭 놀러 와', ""It's my fiesta"", '날 비춰줘 지금 날', '온통 축제니까', '지금 이 순간 나를 춤추게 해', ""It's my fiesta""]"
Apink (에이핑크),덤더럼 (Dumhdurum),"['Hey 느낌이 너무 이상한 걸 좀', '나를 위해 보내준다는 말이', '직감은 두려워 너무 참 잘 맞아서', '하루하루 밀어냈던 느낌 그대로', '화려해 감춰진 모습', '다 들킬까 봐 겁나 너는 내 맘 몰라', '걱정 마 Baby I’m so fine', '아냐 아무렇지 않아 괜찮아', '내 맘은 덤더러 럼더러럼', '누구보다 차갑던 네가', '떠난 거야 잘 된 거야 ...', 'Bye bye baby덤더러 럼더러럼', '별로 슬프지 않아 눈물 흘리지 않아', '벌써 다 끝나버린', '내 맘은 덤더럼 덤덤', '봐봐봐봐 yeah', '내 맘은 덤더럼 덤덤', '거짓말 같다고 말하지 마', '내 맘은 덤더럼 덤덤', 'Yeah nananana It’s like nananana', '어딜 가도 슬픈 노래들뿐', 'You know this feeling', 'Nananana Yeah nananana', '사랑 못 할 거라 생각해 가끔', '화려해 감춰진 모습', '더 예뻐진 거 같아 속으론 더 아파', '걱정 마 Baby I’m so fine', '아냐 아무렇지 않아 괜찮아', '내 맘은 덤더러 럼더러럼', '누구보다 차갑던 네가', '떠난 거야 잘 된 거야 ...', 'Bye bye baby덤더러 럼더러럼', '별로 슬프지 않아 눈물 흘리지 않아', '벌써 다 끝나버린', '내 맘은 덤더럼 덤덤', '봐봐봐봐 yeah', '내 맘은 덤더럼 덤덤', '거짓말 같다고 말하지 마', 'no no no no', '그리워 매번 잠들기 전에 yeah yeah', '목소릴 들어야 스르르 눈 감았지', '시간이 정말 모든 걸 지워준다 해도', 'Someday 다 그렇게 된대도', '내 맘은 덤더럼 덤덤', '봐봐봐봐 yeah', '내 맘은 덤더럼 덤덤', '거짓말 같다고 말하지 마', '내 맘은 덤더럼 덤덤']"
"염따, 딥플로우, 팔로알토 (Paloalto), The Quiett, 사이먼 도미닉","아마두 (feat.우원재, 김효은, 넉살, Huckleberry P)","['어 그래 얘들아', '사는게 개같지', '내 얼굴도 개같지 뭐얌', '근데도 부자가 됐다', '세상은 공평한 법', '열심히 하는 자에겐', '성공이 올 것이다 빠끄', '내년엔 잘될거야 아마두', '택배가 도착할걸 아마두', '여친이 생길거야 아마두', '민수도 잘될거야 아마두', '동갑인 차살거야 아마두', '팔로는 애낳을거야 아마두', '머리가 자랄거야 상구두', '기석인 모르겠어 하나두', '나도 진짜 모르겠어', '뭐할지 당장에 오늘도 내일도', '매해 목표는 무조건 새 앨범', '설레발은 놉 그 놈의 앨범 모드', '하나만 더 내고 단콘에 월드 투어', '계획만 짜다 드러눕는 버릇도', '고치고 싶다 주둥이만 터는 놈', '잠을 더 자려면 돈을 덜 버는 것뿐', '엄마 결혼은 기대도 마', '나는 즐기면서 살고 있고', '건강 검진 혼자 받는 건 싫은데', '같이 갈 다모임 손', '골프나 치러 댕길래', '우리 그게 첫번째 위시리스트', '받은 사랑을 제대로 베풀고 싶어', 'officially', 'I got that guap 바뀐 내 겨울 잠바', '미안해 이제 사과해', '그전에 죽인 산타는', '어릴 적 들은 good times과', '콰형의 1 life 2 live', '상구형의 양화 그리고 기석형', '믹스테입 그때의 파마', '강동에 살아', '스케이트보드 타러 간 지하', '주차장에서 쫓겨났어', '가방엔', '필카 두 개 라카 두어 개', '홍대는 내 도화지', 'Uh 많이 변했네', '더 좋을 거야 아마두', '새 캘린더 꺼내 올해도 가네', '내 또래 84 rappers 참 오래도 가네', '다음엔 광수 상수 껴 다들 바쁘지만', '내 안 고독방 셔터는', '2년째 안 내려가네 yeah', '자 노를 저어 강물 따라 이젠 바닷물', '난 깨고 있어', '내 인생의 미션 하나 둘', '반지하에서 35평 한강 뷰', '반지도 샀어 장가가겠지 아마두', '다가올 내일을 향해 smile', '멈추기엔 시간이 아까워', 'DAMOIM comin to town', '내년에는 보다 나은', '우리가 돼있기를 빌어', '너희도 잘될거야 get em yea', '지나간 날은 뒤로', '어깰 펴고 고갤 위로', ""what's up noisemaster"", '세상에 사랑을 나누기 위해서', '모인 이 masters', '받은 만큼돌려 주는 게', '이 남자들의 finessin', 'shoutout to dingo 헉피 넉살', '우원재 효은이 thank yall', '내년엔 다들 더 잘될거야', '아마두', '택배가 도착할걸 아마두', '여친이 생길거야 아마두', '민수도 잘될거야 아마두', '동갑인 차살거야 아마두', '팔로는 애낳을거야 아마두', '머리가 자랄거야 상구두', '기석이는 모르겠어 하나두', '너를 사랑할 것 같아 아마두', '너가 나를 떠나버릴지도 버릴지도', '돌아오지 않아 너라는 눈은', '계절이 한 번 더 변해도 내후년도', '우 우 우 우', '자기야 이 순간', '너를 위해 부르잖아 워 워', '망가져 버려도 좋아', '타 버리자 이대로', '빨간불은 파란불로 바뀌어', '웃어 하하호호', '걱정해봤자 뭐 답 없어', '잃지 말자 낭만을', 'Positive vibe 전파', '올해 꼬였대도 no prob', '성장한 거야', '뒤돌아보면 안줏거리고 영웅담', '태어난 건 내 선택', '아니었지만 삶은 내꺼지', '뭐 어쩔 건데 누가 뭐래도', '첫 번째 내 행복이', '이걸 나눌 수 있단 사실이', '내면을 부자로 만들지', '날씬 추워도 마음은 따뜻해', '멋진 친구가 많으니', '돈 Call Me 잘 될 줄 알았음', '염따형 앨범 featuring', '할걸 그랬어 할머니는', '천국에 잘 계셔', '크리스마스 크리스마스', 'feels like love', '이 모든 게 우연일까', '26일이 기일인 이유도 oh oh', '33번째 겨울 따뜻하니', '돈 좀 벌었다고 no', '사람들이 있어', '이건 주머니에 넣지 못한다고', '오늘이 가면 1월이지', '내년엔 어떤 모습 희망이 기다리지', '믿음이 있길 이끼는', '끼지 않게 구르는 돈이 되길', '저 애들을 봐', '온 동네 구경이라도 난 듯', '이 노래를 기다리네', '이제 안 해도 될 것 같네 작두', '나 빼고 가서 좋았니', '물론 좋았겠지 대만', '딩고 놈들은 또 날 불러', '지들 필요할 때만', '여튼 12월에도 연말 느낌은 없지', '왜냠 올림픽홀에서 하는', '분신 준비 때문이지', '이 기분을 아는 사람은 박재범뿐이지', '돈 많이 벌어서', '나도 벤틀리 한 번 뿌시리', '아마두', '택배가 도착할걸 아마두', '여친이 생길거야 아마두', '민수도 잘될거야 아마두', '동갑인 차살거야 아마두', '팔로는 애낳을거야 아마두', '머리가 자랄거야 상구두', '기석인 모르겠어 하나두', '효은이는 웃을거야 아마두', '산타가 없대 원재가 그랬음', '넉살아 술좀그만 말아주', '헉피는 행복할걸 아마두', '딩고도 고생했어 아마두', '해식인 영화감독 아마두', '일등을 할것같아 아마두', '안되면 쨀것같아 아마두', '우 우 우 우', '야 우리 그냥 쨸래']"
임재현,조금 취했어 (Prod. 2soo),"['내가 망가지면 니가 나를 볼까 봐', '나를 혹시나 걱정해줄까 봐', '몸에 안 좋은 거 하러 왔어', '시끄럽고 졸립다', '그래 이제 집에 가야지', '지금 뭐 해', '밤에는 바람이 점점 차가운데', '따뜻이 좀 입고 다녀 멋 부리지 말고', '지금 이 순간', '하고 싶은 말이 많은데', '내가 가진 언어로 표현 못 해 알잖아', '내가 좀 서툴지', '술 한잔했어 너무 보고 싶어서', '니가 싫어하는', '담배도 피고 술도 했어', '술이 깨면 내가 또 미워질까 봐', '마시다 보니 조금 취했어', '어디야 지금 뭐 해 빨리 와', '너 올 것 같아 여기서 나 기다리는데', 'Xiyehn아', '오늘따라 니가 보고 싶어서', '그래 내가 좀 못났지 미안해', '지금 뭐 해', '의식은 점점 희미해가는데', '니 얼굴은 더 또렷하게 생각이 나네', '지금 이 순간 하고 싶은 말이 많은데', '나란 놈이 그렇지 뭐 또', '못해 말도 못 하는 내가 싫어', '술 한잔했어 너무 보고 싶어서', '니가 싫어하는', '담배도 피고 술도 했어', '술이 깨면 내가 또 미워질까 봐', '마시다 보니 조금 취했어', '어디야 지금 뭐 해 빨리 와', '너 올 것 같아 여기서 나 기다리는데', 'Xiyehn아', '오늘따라 니가 보고 싶구나', '또 보고 싶어서 미안해']"
방탄소년단,00:00 (Zero O’Clock),"['그런 날 있잖아', '이유 없이 슬픈 날', '몸은 무겁고', '나 빼곤 모두 다', '바쁘고 치열해 보이는 날', '발걸음이 떨어지질 않아', '벌써 늦은 것 같은데 말야', '온 세상이 얄밉네', '', 'Yeah 곳곳에 덜컥거리는 과속방지턱', '맘은 구겨지고 말은 자꾸 없어져', '도대체 왜 나 열심히 뛰었는데', '오 내게 왜', '', '집에 와', '침대에 누워', '생각해봐', '내 잘못이었을까', '어지러운 밤', '문득 시곌 봐', '곧 12시', '', '뭔가 달라질까', '그런 건 아닐 거야', '그래도 이 하루가', '끝나잖아', '초침과', '분침이 겹칠 때', '세상은 아주 잠깐 숨을 참아', 'Zero O’Clock', '', 'And you gonna be happy', 'And you gonna be happy', '막 내려앉은 저 눈처럼', '숨을 쉬자 처음처럼', 'And you gonna be happy', 'And you gonna be happy', 'Turn this all around', '모든 게 새로운', 'Zero O’Clock', '', '조금씩 박자가 미끄러져', '쉬운 표정이 안 지어져', '익숙한 가사 자꾸 잊어', '내 맘 같은 게 뭐 하나 없어', '그래 다 지나간 일들이야', '혼잣말해도 참 쉽지 않아', 'Is it my fault?', 'Is it my wrong?', '답이 없는', '나의 메아리만', '', '집에 와', '침대에 누워', '생각해봐', '내 잘못이었을까', '어지러운 밤', '문득 시곌 봐', '곧 12시', '', '뭔가 달라질까', '그런 건 아닐 거야', '그래도 이 하루가', '끝나잖아', '초침과', '분침이 겹칠 때', '세상은 아주 잠깐 숨을 참아', 'Zero O’Clock', '', 'And you gonna be happy', 'And you gonna be happy', '막 내려앉은 저 눈처럼', '숨을 쉬자 처음처럼', 'And you gonna be happy', 'And you gonna be happy', 'Turn this all around', '모든 게 새로운', 'Zero O’Clock', '', '두 손 모아', '기도하네', '내일은 좀', '더 웃기를', 'For me', '좀 낫기를', 'For me', '', '이 노래가', '끝이 나면', '새 노래가', '시작되리', '좀 더 행복하기를 yeah', '', 'And you gonna be happy', 'And you gonna be happy', '아주 잠깐 숨을 참고', '오늘도 나를 토닥여', 'And you gonna be happy', 'And you gonna be happy', 'Turn this all around', '모든 게 새로운', 'Zero O’Clock']"
박진영,When We Disco (Duet with 선미),"['마법 같았지 When we disco when we disco', '그래서 잊지를 못해 아직도', '너무 그리워 When we disco when we disco', '너도 기억하고 있는지 지금도', '', '너 빼고 나머진 다 Blur', '너만 보였지 (When we d.i.s.c.o.)', '빨려 들어갔어 Rapture', '밤이 새도 몰랐지', '넌 지금 어디에 있는지', '날 가끔 생각은 하는지', '아름다웠던 그 시절의 우릴', 'Do you remember baby', '', '마법 같았지 When we disco when we disco', '그래서 잊지를 못해 아직도', '너무 그리워 When we disco when we disco', '너도 기억하고 있는지 지금도', '', '춤을 추는 우리를 다', '바라보았지 (When we d.i.s.c.o.)', '움직임 하나하나가', '전율을 일으켰지', '넌 그걸 잊을 수 있는지 나처럼', '잊지 못하는지', '아름다웠던 그 시절의 우릴', 'Do you remember baby', '', '마법 같았지 When we disco when we disco', '그래서 잊지를 못해 아직도', '너무 그리워 When we disco when we disco', '너도 기억하고 있는지 지금도', '', '찌른 건 하늘이 아니라 서로의 마음이었었지', '기억하니 Do you remember', '흔든 건 골반이 아니라 서로의 인생이었었지', 'Do you, do you remember baby', '', '마법 같았지 When we disco when we disco', '그래서 잊지를 못해 아직도', '너무 그리워 When we disco when we disco', '너도 기억하고 있는지 지금도']"
임영웅,이제 나만 믿어요,"['무얼 믿은 걸까 부족했던 내게서', '나조차 못 믿던 내게 여태 머문 사람', '무얼 봤던 걸까 가진 것도 없던 내게', '무작정 내 손을 잡아 날 이끈 사람', '최고였어', '그대 눈 속에 비친 내 모습', '이제는 내게서 그댈 비춰줄게', '궂은 비가 오면', '세상 가장 큰 그대 우산이 될게', '그댄 편히 걸어가요', '걷다가 지치면', '내가 그대를 안고 어디든 갈게', '이제 나만 믿어요', '나만 두고 가던', '나만 스쳐 간 행운이 모여', '그대가 되어서 내게 와준 거야', '궂은 비가 오면', '세상 가장 큰 그대 우산이 될게', '그댄 편히 걸어가요', '걷다가 지치면', '내가 그대를 안고 어디든 갈게', '이제 나만 믿어요', '나의 마지막 주인공이 되어', '다신 누구 앞에서도', '그대는 고개 숙이지 마요', '내가 보지 못했던 홀로 고단했던 시간', '고맙고 미안해요 사랑해요', '이 세상은', '우리를 두고 오랜 장난을 했고', '우린 속지 않은 거야', '이제 울지 마요', '좋을 땐 밤새도록 맘껏 웃어요', '전부 그대 꺼니까', '그대는 걱정 말아요', '이제 나만 믿어요']"
선미,보라빛 밤 (pporappippam),"['내게 뭘 원하냬', '그냥 말만 하래', '하늘에 별도', '따주겠대', '다른 건 안 바래', '이 밤만 원하네', '그대 손 잡고', '안 놔줄래', '보라빛 밤', 'I like it like it', '더 같이 있자', '아직 이르잖아', ""We're like"", '보라빛 밤', '날 하늘 위로', '터트려 볼래', '이 밤 밤 밤 밤 밤', '보라빛 밤', '오 그대여', '눈뜨면 다 사라져', '엉망이 돼도', '오 그대여', '난 다시 또 이 밤을', '기다릴게요', '나나나 나 나나', '나나나 나 나나', '나나나 나 나나', '보라빛 밤', '나나나 나 나나', '나나나 나 나나', '나나나 나 나나', '보라빛 밤', '술은 입에도', ""안 댔는데 I'm tipsy"", '나 조금', '어지러운 것 같애', '지금 아님 언제', '참 답답하네', '날 감싸 안고', '입 맞출래', '보라빛 밤', 'I like it like it', '더 같이 있자', '아직 이르잖아', ""We're like"", '보라빛 밤', '날 하늘 위로', '터트려 볼래', '이 밤 밤 밤 밤 밤', '보라빛 밤', '오 그대여', '눈 뜨면 다 사라져', '엉망이 돼도', '오 그대여', '난 다시 또 이 밤을', '기다릴게요', '꿈인가 싶다가도', '니가 떠오르니까', '그 밤은 진심인 거야', '일거야', '보라빛 밤', '오 그대여', '눈 뜨면 다 사라져', '엉망이 돼도', '오 그대여', '난 다시 또 이 밤을', '기다릴게요', '오 그대여', '나나나 나 나나', '나나나 나 나나', '나나나 나 나나', '보라빛 밤', '오 그대여', '나나나 나 나나', '나나나 나 나나', '난 다시 또 이 밤을 기억 할게요', '나나나 나 나나', '보라빛 밤']"
ITZY (있지),WANNABE,"['잔소리는 Stop it 알아서 할게', '내가 뭐가 되든', '내가 알아서 할 테니까 좀', 'I do what I wanna', '평범하게 살든 말든 내버려 둘래', '어차피 내가 살아 내 인생 내거니까', ""I'm so bad bad 차라리 이기적일래"", '눈치 보느라 착한 척', '상처받는 것보다 백번 나아', ""I'm just on my way 간섭은 No No 해"", '말해버릴지도 몰라 너나 잘하라고', '누가 뭐라 해도 난 나야', '난 그냥 내가 되고 싶어', 'I wanna be me me me', '굳이 뭔가 될 필요는 없어', '난 그냥 나일 때 완벽하니까', 'I wanna be me me me', ""I don't wanna be somebody"", 'Just wanna be me be me', 'I wanna be me me me', ""I don't wanna be somebody"", 'Just wanna be me be me', 'I wanna be me me me', 'Errbody errbody errbody', ""teachin' me All eyes on me"", '이래라 저래라 모두 한마디씩', ""Don't touch me"", 'Ah yeah yeah yeah yeah yeah', '내 앞가림은 내가 해', ""I'mma do my thang"", 'Just do your thang', ""Cuz I'm the one & only"", '사람들은 남 말 하기를 좋아해', '남의 인생에 뭔 관심이 많아 왜', '저기 미안하지만 신경 좀 꺼줄래요', ""It's none of your business"", 'I do my own business', '누가 뭐라 해도 난 나야', '난 그냥 내가 되고 싶어', 'I wanna be me me me', '굳이 뭔가 될 필요는 없어', '난 그냥 나일 때 완벽하니까', 'I wanna be me me me', 'No matter if you love me', 'or hate me', 'I wanna be me', 'One and only me', 'If you feel me turn this beat up', 'I wanna be me me me', '누가 뭐라 해도 난 나야', '난 그냥 내가 되고 싶어', 'I wanna be me me me', '굳이 뭔가 될 필요는 없어', '난 그냥 나일 때 완벽하니까', 'I wanna be me me me', ""I don't wanna be somebody"", 'Just wanna be me be me', 'I wanna be me me me', ""I don't wanna be somebody"", 'Just wanna be me be me', 'I wanna be me me me']"
이하이,홀로,"['홀로 있는 게 가만히 있는 게', '어려운 일인가요', '홀로 있어도 같이 있어도', '외로운 건 같아요', 'One day it will stop', '말하는 대로 생각한 대로', '되는 것 아닌가요', '햇빛을 쬐고 숨 쉬어 봐도', '쉽지는 않네요', 'One day it will stop', 'And I’m gonna stop cryin’', 'stop feelin’ stop thinkin’', '‘bout you my babe', '이제 그만 울 거야 나올 거야', '나를 더 아껴줄 거야', 'And I’m gonna stop', '쟤보다 내가 나보다 쟤가', '나은 게 중요한가요', '수많은 날을 괴로워하다', '이제 좀 알겠어요', '가만히 앉아 걱정하기엔', '난 너무 소중해요', '들여다봐요 맘속의 민낯', '그대로 괜찮아요', 'It’s gotta stop', 'And I’m gonna stop cryin’', 'stop feelin’ stop thinkin’', '‘bout you my babe', '이제 그만 울 거야 나올 거야', '나를 더 아껴줄 거야', 'And I’m gonna stop', 'And I’m gonna stop', '홀로 있는 게 가만히 있는 게', '어려운 일인가요', '홀로 있어도 같이 있어도', '외로운 건 같아요', 'One day it will stop']"
규현 (KYUHYUN),화려하지 않은 고백,"['언젠가 그대에게 준', '눈부신 꽃다발', '그 빛도 향기도', '머지않아 슬프게 시들고', '꽃보다 예쁜 지금 그대도', '힘없이 지겠지만', '그때엔 꽃과 다른', '우리만의 정이', '숨을 쉴거야', '사랑하는 나의 사람아', '말없이 약속할게', '그대 눈물이 마를때까지', '내가 지켜준다고', '멀고 먼 훗날 지금을 회상하며', '작은 입맞춤을 할 수 있다면', '이 넓은 세상위에', '그 길고 긴 시간속에', '그 수많은 사람들중에', '오직 그대만을 사랑해', '사랑하는 나의 사람아', '말없이 약속할게', '그대 눈물이 마를때까지', '내가 지켜 준다고', '멀고 먼 훗날 지금을 회상하며', '작은 입맞춤을 할 수 있다면', '이 넓은 세상위에', '그 길고 긴 시간 속에', '그 수많은 사람들중에', '오직 그대만을 사랑해', '이 넓은 세상위에', '그 길고긴 시간 속에', '그 수많은 사람들중에', '그댈 만난걸 감사해']"
TWICE (트와이스),MORE & MORE,"['I know I want it', '입에 바른 소린 이제 그만할게', 'Cause I deserve it deserve it', '혹시 잠깐 내가 미워지더라도 걱정 안 할게', 'Cause I know you I know you', '', '내 눈을 자꾸 피해봐', '네 맘을 자꾸 숨겨봐', '나에게서 도망쳐봐 No no', '감았던 눈을 떴을 때', '문득 내가 떠오를 때', 'You are gonna be mine again', '', ""You're gonna say more more more more more and more"", '멈추지 못해 More more more and more', '그러니 한 번 더', 'I wanna have more more more more more and more', '멈추기 싫어 More more more and more', '그러니 한 번 더', '', '멈추지를 못해', 'More and more', '그러니 한 번 더', '멈추기가 싫어', 'More and more', '그러니 한 번 더', '', 'Do you feel me', '니가 날 위한 사람이라고 믿니', 'Only for me only for me', '간지러운 말은 굳이 하지 않아도 넌', 'Cause you know me you know me', '', '네 귀를 자꾸 막아도', '나를 멀리 밀어내도', '나에게서 멀어져도 (저 멀리) No no', '내가 다시 널 부르면', '나의 목소릴 들으면', 'You are gonna be mine again', 'Yeah 한 번 더', '', ""You're gonna say more more more more more and more"", '멈추지 못해 More more more and more', '그러니 한 번 더', 'I wanna have more more more more more and more', '멈추기 싫어 More more more and more', '그러니 한 번 더', '', '멈추지를 못해', 'More and more', '그러니 한 번 더', '멈추기가 싫어', 'More and more', '그러니 한 번 더', '', '난 원래 욕심쟁이 몰랐다면 미안', '사과는 미리 할게 Cuz I want you more more', '의견은 필요 없어 훔칠 거야 네 맘', ""내게 홀리게 될걸 You can't say no no"", '난 도둑고양이 오늘만은 널', '꼭 잡으러 왔으니까 딱 기다려 너', '멀리 가지 말고 다시 내게 Come come', 'Yeah 한 번 더', '', '멈추지를 못해', 'More and more', '그러니 한 번 더', '멈추기가 싫어', 'More and more', '그러니 한 번 더']"
BLACKPINK,Lovesick Girls,"['영원한 밤', '창문 없는 방에 우릴 가둔 love', 'What can we say', '매번 아파도 외치는 love', '', '다치고 망가져도 나', '뭘 믿고 버티는 거야', '어차피 떠나면 상처투성인 채로', '미워하게 될걸', '끝장을 보기 전 끝낼 순 없어', '이 아픔을 기다린 것처럼', '', '아마 다 잠깐 일지도 몰라', '우린 무얼 찾아서 헤매는 걸까', '', 'But I don’t care I’ll do it over and over', '내 세상 속엔 너만 있으면 돼', '', 'We are the lovesick girls', '네 멋대로 내 사랑을 끝낼순 없어', 'We are the lovesick girls', '이 아픔 없인 난 아무 의미가 없어', '', 'But we were born to be alone', 'Yeah we were born to be alone', 'Yeah we were born to be alone', 'But why we still looking for love', '', 'No love letters, no x and o’s', 'No love never, my exes know', 'No diamond rings, that set in stone', 'To the left, better left alone', '', 'Didn’t wanna be a princess,', 'I’m priceless', 'A prince not even on my list', 'Love is a drug that I quit', 'No doctor could help when I’m', 'lovesick', '', '아마 다 잠깐 일지도 몰라', '우린 무얼 찾아서 헤매는 걸까', '', '불안한 내 눈빛 속에 널 담아', '아프더라도 너만 있으면 돼', '', 'We are the lovesick girls', '네 멋대로 내 사랑을 끝낼 순 없어', 'We are the lovesick girls', '이 아픔 없인 난 아무 의미가 없어', '', 'But we were born to be alone', 'Yeah we were born to be alone', 'Yeah we were born to be alone', 'But why we still looking for love', '', '사랑은 slippin’ and fallin’', '사랑은 killin’ your darlin’', '아프다 아물면 또 찾아오는 이 겁 없는 떨림', '', '들리지 않아 what you say', '이 아픔이 난 행복해', '나를 불쌍해 하는 네가 내 눈엔 더 불쌍해', '', 'We are the lovesick girls', '네 멋대로 내 사랑을 끝낼 순 없어', 'We are the lovesick girls', '이 아픔없인 난 아무 의미가 없어', '', 'Lovesick girls', '모두 결국 떠나가고', 'Lovesick girls', '내 눈물이 무뎌져도', 'Lovesick girls', '아프고 또 아파도', 'Lovesick girls', 'But we’re still looking for love']"
아이유,Into the I-LAND,"['I got pushed 떠밀려 왔어', '오래도 찾아 헤맨 꿈의 문 앞에', '내 안에 그 작은 노래가', '작은 노래가 날 여기 데려왔어', '', '외로워도 기댈 곳 없이', '괴로워도 멈춤 없이', '그저 참고 견딘 시간의 의미를', '', '이제야 나 널 만난 후에야', '손잡은 후에야 그 이유를 깨달아', '', 'Yeah I’m scared 두렵긴 하지만', ""힘차게 뛰어가 let's just try"", 'It’s our chance 수없이 새겨진', '지난 발자국이 알아', '', 'Woah oh', '친구가 되어 함께 걸어줘', 'Let’s just run for our lives', 'Woah oh', '손을 내밀어 그리고 약속해', 'Let’s just run for our lives', '', 'Woah oh', '미래의 문이 열리고 약속의 그날이 보여', 'You & I', 'We can fly', '넌 또 다른 나 난 또 다른 너', 'Let’s just run for our lives', '', 'Woah oh', '너와 내 꿈의 I-LAND', 'Run for your heart run for your life', '너와 내 꿈의 I-LAND', 'Run for your heart run for your life', '', '외로워도 기댈 곳 없이', '괴로워도 멈춤 없이', '내게 지구는 꼭 무인도 같았어', '', 'But right now 넌 지금 내 옆에', '지금 내 옆에 함께 달리고 있어', '', 'Yeah I’m scared 떨리고 있지만', ""멈추지 말고 가 let's just try"", 'It’s our chance 수없이 새겨진', '지난 발자국이 알아', '', 'Woah oh', '친구가 되어 함께 걸어줘', 'Let’s just run for our lives', 'Woah oh', '손을 내밀어 그리고 약속해', 'Let’s just run for our lives', '', 'Woah oh', '‘I’란 섬과 섬 사이', '작은 선을 이어서 단단한 다릴 지어', 'Now I & I & I & I are I-LAND', '너와 난 너와 난 너와 난 하나인 거야', '', '너와 내 꿈의 I-LAND', 'Run for your heart run for your life', '너와 내 꿈의 I-LAND', 'Run for your heart run for your life', '', 'Woah oh', '친구가 되어 함께 걸어줘', 'Let’s just run for our lives', 'Woah oh', '손을 내밀어 그리고 약속해', 'Let’s just run for our lives', '', 'Woah oh', '꿈은 현실에 꽃피고 꽃은 불꽃 속에 빛나', 'You & I', 'We can fly', '넌 또 다른 나 난 또 다른 너', 'Let’s just run for our lives', '', 'Woah oh', 'Oh', 'Run for your dream']"
황인욱,포장마차,"['그대와 자주 가던 그 술집에', '혼자 널 생각하며 소주 한잔해', '그대가 좋아하던 김치찌개를', '가만히 바라보다 눈물 한잔해', '그 사람 왔었나요', '아니 소식이라도', '그녀에게 전해줘요', '늘 지금처럼 기다린다고', '포장마차 그때 그 자리에서', '네가 있던 그곳에 서서', '날 사랑한다 말했잖아', '영원할 거라고 말했잖아', '포장마차 그때 그 자리에서', '돌아오라는 말을 다시', '되뇌이고 되뇌어도', '네가 돌아오지 않을 걸 알잖아', '그 사람 왔었다면', '혹시 혼자였나요', '그녀에게 전해줘요', '나 그때처럼 기다린다고', '포장마차 그때 그 자리에서', '네가 있던 그곳에 서서', '날 사랑한다 말했잖아', '영원할 거라고 말했잖아', '포장마차 그때 그 자리에서', '돌아오라는 말을 다시', '되뇌이고 되뇌어도', '네가 돌아오지 않을 걸 알잖아', '다 잊으려고 노력해봐도', '그게 잘 안되나봐', '습관처럼 아니 예전처럼 우리', '두 번 다시 돌아갈 수 없나요', '내가 싫은 건가요', '날 사랑한다 말했잖아', '영원할 거라고 말했잖아', '포장마차 그때 그 자리에서', '네가 있던 그곳에 서서', '날 사랑한다 말했잖아', '영원할 거라고 말했잖아', '그댈 다시 부르고 또 불러도', '아무 말 없는 너를 다시', '되뇌이고 되뇌어도', '네가 돌아오지 않을 걸 알잖아']"
방탄소년단,친구,"['유난히도 반짝였던 서울', '처음 보는 또 다른 세상', '땀에 잔뜩 밴 채 만난 넌', '뭔가 이상했었던 아이', '', '난 달에서, 넌 별에서', '우리 대화는 숙제 같았지', '하루는 베프, 하루는 웬수', 'I just wanna understand', '', 'Hello my alien', '우린 서로의 mystery', '그래서 더 특별한 걸까', '', '언젠가 이 함성 멎을 때 stay hey', '내 옆에 함께 있어줘', '영원히 계속 이곳에 stay hey', '네 작은 새끼손가락처럼', '', '일곱 번의 여름과 추운 겨울보다', '오래', '수많은 약속과 추억들보다', '오래', '', '우리 교복 차림이 기억나', '우리 추억 한 편 한 편 영화', '만두 사건은 코미디 영화 yeah yeah', '', '하교 버스를 채운 속 얘기들', '이젠 함께 drive를 나가', '한결같애, 그때의 우리들', '""Hey 지민, 오늘""', '', '내 방의 드림캐쳐', '7년간의 history', '그래서 더 특별한 걸까', '', '언젠가 이 함성 멎을 때 stay hey', '내 옆에 함께 있어줘', '영원히 계속 이곳에 stay hey', '네 작은 새끼손가락처럼', '', '일곱 번의 여름과 추운 겨울보다', '오래', '수많은 약속과 추억들보다', '오래', '', '네 새끼손가락', '처럼 우린 여전해', '네 모든 걸 알아', '서로 믿어야만 돼', '잊지 마', '고맙단 그 뻔한 말 보단', '너와 나', '내일은 정말 싸우지 않기로 해', '', '언젠가 이 함성 멎을 때 stay hey', 'You are my soulmate', '영원히 계속 이곳에 stay hey', 'You are my soulmate', '', '일곱 번의 여름과 추운 겨울보다', '오래', '수많은 약속과 추억들보다', '오래', '', '언젠가 이 함성 멎을 때 stay hey', 'You are my soulmate', '영원히 계속 이곳에 stay hey', 'You are my soulmate', '', '일곱 번의 여름과 추운 겨울보다', '오래', '수많은 약속과 추억들보다', '오래']"
전상근,사랑은 지날수록 더욱 선명하게 남아,"['편해지고 변해가고', '자연스러운 그런 과정', '시도 때도 없이 다투면서', '불안해진 마음', '더는 멀어지기 싫은데', '말 못 했던 얘기들을', '말해봐도 너의 한숨뿐', '쌓여왔던 오해가 깊어져', '나도 지쳤는데', '너는 아무 말이 없었어', '사랑은 지날수록 더욱 선명하게 남아', '우리의 감정이 모자라서 그랬었나 봐', '이별은 떠나볼수록', '다시 깨닫게 해줘서', '아름다웠던 우리가 그리운데', '문득 지금 생각이 나', '무슨 이유인지 모르겠어', '아마도 널 사랑한 기억이', '감싸고 있나 봐', '너는 또 아무 말 없지만', '사랑은 지날수록 더욱 선명하게 남아', '우리의 감정이 모자라서 그랬었나 봐', '이별은 떠나볼수록', '다시 깨닫게 해줘서', '아름다웠던 우리가 그리운데', '끝난 인연을 난 왜 이러는지', '가끔 한 번씩은 마주쳐줄래', '그렇게 해줘 그렇게 하면', '아주 조금은 괜찮을 거 같아', '사랑은 지날수록 더욱 흩어지지 않아', '좋았던 시간이 가득해서', '그런 건가 봐', '이별의 시린 날들은', '다시 깨닫게 해줘서', '아름다웠던 그때가 그리운데']"
규현 (KYUHYUN),내 마음이 움찔했던 순간 (취향저격 그녀 X 규현),"['어떤 말로 표현해야', '그대 알 수 있을까요', '어떤 맘을 담아내야만', '그대에게 전해질까', '하루 종일 눈에 아른거려서', '똑같은 매일을 보내고 있다고', '나의 맘이 부담이 돼', '그대가 달아날까 봐', '함께 있는 지금만으로도', '충분하다 생각했지만', '점점 커지는', '그댈 향한 마음에', '이젠 말을 하고 싶죠', '그댈 사랑하고 있어요', '꽤 오래전부터', '그대를 처음 본 후 지금까지', '내 마음이 한순간 네게 움찔했죠', '그때부터 나의', '세상은 달라졌죠', '그댄 아마 모르겠죠', '나의 이런 마음들을', '요동치는 소리까지도', '꼭 숨겼으니까', '난 아직도 많이 겁이 나지만', '이제는 용기 내볼게요', '그댈 사랑하고 있어요', '꽤 오래전부터', '그대를 처음 본 후 지금까지', '내 마음이 한순간 네게 움찔했죠', '그때부터 나의 세상은 달라졌죠', '곁에 있는 지금도 행복해', '여태껏 아껴뒀던 말', '그댈 사랑하고 있어요', '꽤 오래전부터', '혹시 그대도 나와 같길 기도하며', '내 마음이 한순간 네게 움찔했죠', '그때부터 나의 세상은 달라졌죠']"
창모 (CHANGMO),빌었어,"['옛날 옛날에', '남양주시 와부읍', '덕소리에서', '자란 한 소년이 있었어요', '아이는 주머니에', '아무것도 없었지만', '어머니의 사랑은 가득해', '항상 웃음 짓던 소년이였죠', '어느 날 그 소년 앞에', '금을 두른 부자가 나타났답니다', '부자는 그에게 물었어요', '너에게 미래를 줄 테니', '지금 이 순간을 나와 바꾸지 않겠니', '나 평생 꿈만을 꿨죠', '알잖아요 꿈은 안 들잖아 돈', '나 이 순간을 나 평생 떠올렸죠', '친구들이 대학을 갈 때', '난 한강에 가서 술을 마셨네', '되뇌이면서 세상은 날 싫어해', '그렇지 그렇지 그럴만했어', '그때는 몰라 그리고 애써', '알려고 하지도 않잖아', '눈물을 흘렸지 내 방 속에서', '눈물 흘려 여의도에서', '두 눈물 맛이 달라 아', '빌었어', '빌었어 밤마다', '이럴 땐 술김에', '오그라들게', '두 손을 모으고 말야', '빌었어', '빌었어 밤마다', '나 무교잖아', '근데 하늘에다가', '비는 걸 보면 있나 봐', '내 소원을 들어줄 어떤 이', '쌈마이 삶에도 볕들 날', '오긴 하네 젠장 오늘 밤', '제게 말이 안 되는 일이', '일어났어요 엄마', '지금 시간은 열두시 반', '작업 실행 막차 끊길 시간', '지금 The Quiett', '그분 집 밑에 있어요 엄마', '걸어가도 괜찮을 만한 기분이에요', '여친한테도 전화했네요', '걔 또한 활짝 웃더라구요', '저는 울었네요', '표현 안돼요 제 기분이', '엄마 보내줄게 저 먼 italy', '유유 걱정하지마', '이제 너는 공부만 하면은 돼', '형이 계약금도 준대', '이건 줄래 엄마께', '일단 비밀 아빠껜', '아빠가 시장 사람들에게', '말씀할 수도 있으니까', '일단은 비밀로 햇 쉿', '밥은 잘 챙기니', '걱정 마 조만간 덕소 갈게', 'Bye mom', '나 평생 꿈만을 꿨죠', '알잖아요 꿈은 안 들잖아 돈', '나 이 순간을 나 평생 떠올렸죠', '친구들이 대학을 갈 때', '난 한강에 가서 술을 마셨네', '되뇌이면서 세상은 날 싫어해', '그렇지 그렇지 그럴만했어', '그때는 몰라 그리고 애써', '알려고 하지도 않잖아', '눈물을 흘렸지 내 방 속에서', '눈물 흘려 여의도에서', '두 눈물 맛이 달라 아', '빌었어', '빌었어 밤마다', '이럴 땐 술김에', '오그라들게', '두 손을 모으고 말야', '빌었어', '빌었어 밤마다', '나 무교잖아', '근데 하늘에다가', '비는 걸 보면 있나 봐', '내 소원을 들어줄 하느님']"
V.O.S,다시 만날까 봐,"['인스타로 몰래 보는 너의 하루들', '누가 봐도 헤어진 티를 내', '팔로우 다 끊고서', '좋아요는 왜 눌렀니', '참 바보 같은 사람이야', '잘 먹지도 못하는 술은', '왜 매일 마시고', '늘 예쁜 얼굴 많이 야위었어', '혼자 있으면 나도 그래', '술이 없으면 못 자고', '많이 괴로워해', '이럴 거면 우리 미친 척하고', '다시 만날까 봐', '다시 시작할까 봐', '친구들 만나는 거', '그렇게 좋아하면서', '집에만 있니 더 우울하게', '혼자 있으면 나도 그래', '누구도 만나기 싫어', '숨고만 싶은데', '이럴 거면 우리 미친 척하고', '다시 만날까 봐', '다시 시작할까 봐', '못 잊을 거야', '너와 추억한 지난날들을', '난 아직까지도 너무나 선명해', '그렇게 선명한 만큼', '지키고픈 우리 기억들이', '잊혀지는 게 정말 많이 두려워', '혼자 있으면 나도 그래', '늘 혼자 센척했지만 많이 두려워해', '이럴 거면 우리 미친 척하고', '다시 만날까 봐', '다시 시작할까 봐', '우리 여기서 끝나면 안 돼']"
백지영,"다시는 사랑하지 않고, 이별에 아파하기 싫어","['유난히 추운 날', '따스한 햇살 같던 날', '그대를 처음 마주했던 밤', '웃음이 새어 나오고', '설레는 맘을 간직했었던', '그 날의 우리', '점점 서로가 당연한 듯 익숙해질 때', '그때 알았어야 했어', '조금 섣불렀단 걸', '다시는 사랑하지 않고', '이별에 아파하기 싫어', '내가 싫어 떠나간 그대를', '기다리는 나', '아닌 척하는 게 힘들어', '아직도 네가 많이 보고 싶어', '네 생각에 아파오는 나', '그대를 탓하며 혼자서 원망했던 날', '사실 이별을 인정하기 싫었어', '차가워진 네 말투를', '그럴 수 있다며', '난 괜찮다고 아무렇지 않다고', '사랑해 아직 잊지 못해', '아직도 슬퍼하는 나야', '돌이킬 수 없단 걸 알지만', '사랑한다고', '아닌 척하는 게 힘들어', '아직도 네가 많이 보고 싶어', '추억에 또 아파오는 나', '떠나가던 날', '붙잡을 수 없었던', '나를 미워하며 보낸 지난날', '그대가 내게 돌아오는 날만 기다려', '찢어질 듯 아팠다고', '날 사랑해달라고', '미안해 아직 잊지 못해', '아직도 슬퍼하는 나야', '돌이킬 수 없단 걸 알지만', '사랑한다고', '아닌 척하는 게 힘들어', '아직도 네가 많이 보고 싶어', '추억에 또 아파오는 나', '이별에 또 울고 있는 나']"
임재현,사랑에 연습이 있었다면 (Prod. 2soo),"['사랑에 연습이 있었다면', '우리는 달라졌을까', '내가 널 만난 시간 혹은 그 장소', '상황이 달랐었다면', '우린 맺어졌을까', '하필 넌', '왜 내가 그렇게 철없던 시절에', '나타나서 그렇게 예뻤니', '너처럼 좋은 여자가', '왜 날 만나서 그런', '과분한 사랑 내게 줬는지', '우리 다시 그때로 돌아가자는게', '그게 미친말인가', '정신나간 소린가', '나는 더 잘 할 수 있고', '다신 울리지 않을', '자신있는데 그게 왜 말이 안돼', '시간이 너무 흘러 알게되었는데', '너를 울리지 않고 아껴주는법', '세월은 왜 철없는 날', '기다려주지 않고', '흘러갔는지 야속해', '지금 너 만나는 그에게도', '내게 그랬던 것처럼', '예쁘게 웃어주니', '너처럼 좋은 여자의', '사랑 받는 그 남자 너무 부러워', '넌 행복하니', '니옆에 지금 그 남자가 있는게', '우리 다시 맺어질수가 없는 이윤가', '나는 더 잘 할 수 있고', '다신 울리지 않을', '자신있는데 그게 왜 말이 안돼', '시간이 너무 흘러 알게 되었는데', '너를 울리지 않고 아껴주는 법', '세월은 왜 널 잊는 법을', '알려주지 않고 흘러갔는지']"
방탄소년단,Filter,"['너의 따분한 그 표정 지루한 발끝', 'Please look at me now', '핸드폰은 내려놔 고개 돌릴 생각도 마', 'Let me know your type', '날 골라 쓰면 돼 yeah', '', 'Oh 너의 눈을 나의 손으로 포개', 'Oh 다가가 비밀에', '널 데려갈게 완전히 새로운 세상에', 'Yeah 네 감은 눈을 떠봐 이제 go!', '', '팔레트 속 색을 섞어 pick your filter', '어떤 나를 원해', '너의 세상을 변화시킬 I’m your filter', '네 맘에 씌워줘', '', '(OK) 어때 조금 느낌이 와? 아직 모자라?', '(Yes) Girl you have your chance', 'I can be your Genie', 'How ‘bout Aladdin?', '뭐든 돼 줄게', '날 골라 쓰면 돼 yeah', '', 'Oh 네 꿈처럼 널 감싸 안을 거야', 'Oh 은밀한 spec이야', '난 너를 위해 매일 새로울 거야', '늘 똑같은 건 재미없잖아', '', '팔레트 속 색을 섞어 pick your filter', '어떤 나를 원해', '너의 세상을 변화시킬 I’m your filter', '네 맘에 씌워줘', '', '불현듯 아이로 변한 날 봐', '볼수록 귀여워 미치도록', '취향도 기준도 뛰어넘어', '넌 오직 나만을 원하게 돼', 'Yeah 날 만든 사람 바로 너니까', '', '난 여태 네가 본 적 없는 brand new filter', '내게 널 맡겨봐', '더 짜릿한 걸 볼 수 있게 pick your filter', '나만을 담아봐', '', 'Na na na na na na na na na', 'Pick your filter 나만을 담아봐', 'Na na na na na na na na na', 'I’m your filter 내게 널 맡겨봐', '', '새로운 우리가 될 거야', 'Ay 날 네 맘에 씌워줘']"
먼데이 키즈 (Monday Kiz),사랑이 식었다고 말해도 돼,"['어떻게 보면 참', '전쟁 같았다 우리', '행복한 나날의', '수만큼 아프게 했던', '날들도 많았고', '울렸던 날도 많았어', '길었던 시간을 지켜줬던', '너야', '너를 너무 사랑해서', '그게 멀어지게 한 걸까', '어리숙한 내 잘못인가', '사랑이 식었다고', '솔직히 말해도 돼', '가슴 뛰는 설렘이', '네게', '온 거라고 나보다', '좋은 사람이', '너에게 생긴 거라고', '다른 핑계겠지', '우린 안 맞는다고', '질리게 들었어', '네 맘이 떠나간 후로', '혹시나 우리가', '괜찮은 시절에 만나', '잘해줬다면은', '우리 조금은 다를까', '너를 너무 사랑해서', '그게 멀어지게 한 걸까', '철이 없는 내 욕심인가', '사랑이 식었다고', '솔직히 말해도 돼', '가슴 뛰는 설렘이', '네게', '온 거라고 나보다', '좋은 사람이', '너에게 생긴 거라고', '아침이 까맣도록 취해', '잊으려 날 망가뜨려도', '남아 있는 너', '나보다 더 어디 가', '좋아서 떠난 거니', '인정하려 해봐도', '미워', '내가 좀 더 잘나서', '성공할 때쯤', '네 앞에 서 볼게', '그때 넌 홀로이기를']"
환불원정대,DON'T TOUCH ME,"['Trouble 이래 다 그래', '세 보인대 어쩔래', '난 멋 부리네 더 꾸미네', ""yeah I'm a lady 못 말리네 oh"", '불편한 말들이 또 선을 넘어', '난 또 보란 듯 해내서 보여줘 버려', '나도 사랑을 원해', '나도 평화가 편해', '하지만 모두가 you know', ""자꾸 건드리네 don't touch me"", 'but 내 멋대로 해', 'blah blah blah so what', ""I don't care yeah yeah"", '내 맘대로 해', ""자꾸 건드리네 don't touch me"", '괜찮아 걱정 마 So good 난 즐거워', '몇 살을 먹는대도 절대로 난 안 꿀리는 걸', '따라 하고 싶지 않아', 'wanna be original', '남의 눈치 보지 않아', ""자꾸 건드리네 don't touch me"", ""Uhh Tell me who's hotter Nada"", 'You dealing with a', 'four headed monsta', '어디 와서 싸구려를 팔아', ""참지 않아 you don't want no problems"", '맘대로 맘대로 hey', '누가 뭐래도 나대로 hey', '내가 문제라면 답 없지', 'You can look and stare', ""but don't touch me"", '불편한 말들이 또 선을 넘어', '난 또 보란 듯 해내서 보여줘 버려', '나도 사랑을 원해', '나도 평화가 편해', '하지만 모두가 you know', ""자꾸 건드리네 don't touch me"", 'but 내 멋대로 해', 'blah blah blah so what', ""I don't care yeah yeah"", '내 맘대로 해', ""자꾸 건드리네 don't touch me"", '괜찮아 걱정 마 So good 난 즐거워', '몇 살을 먹는대도 절대로 난 안 꿀리는 걸', '따라 하고 싶지 않아', 'wanna be original', '남의 눈치 보지 않아', ""자꾸 건드리네 don't touch me"", '때론 눈물이 쏟아지기도 해', '결국 날 만든 게 눈물이기도 해 익숙해', '남들 신경 쓰지 마 절대로', 'Never never 누가 뭐래도 멈추지 마', ""자꾸 건드리네 don't touch me"", 'but 내 멋대로 해', 'blah blah blah so what', ""I don't care yeah yeah"", '내 맘대로 해', ""자꾸 건드리네 don't touch me"", '괜찮아 걱정 마 So good 난 즐거워', '몇 살을 먹는대도 절대로 난 안 꿀리는 걸', '따라 하고 싶지 않아', 'wanna be original', '남의 눈치 보지 않아', ""자꾸 건드리네 don't touch me"", ""자꾸 건드리네 don't touch me""]"
다비치,나의 오랜 연인에게,"['까만 밤 빛이 없는 하루에', '혼자 서있는 듯', '어떤 말도 반갑지 않은 날에', '그래 넌 항상 거기 있지', '그게 난 너무 편했나 봐', '좋았나 봐 자꾸 두려울 만큼', '멀리 걷고 있는 사람들 속', '너만 참 빛나 보여', '그저 힘들던 하루가', '날 아껴주는 네가 있어서 감사해', '가끔씩 난 뒤 돌아보면', '철없이 온 세상에 우리 둘밖에 없었던', '지난날 그때 또 그립겠지만', '처음 같은 설레임보다', '서로를 따뜻하게 바라봐주는', '지금 이대로의 모습이 소중해', '이렇게 오랫동안', '우리가 함께 웃게 될 줄 몰랐어', '난 아마 너도 그렇지', '때론 알 수 없는 불안함에', '아픈 날도 있었어', '버거운 다툼 속에서', '어느새 훌쩍 커버린 마음 알잖아', '가끔씩 난 뒤 돌아보면', '철없이 온 세상에 우리 둘밖에 없었던', '지난날 그때 또 그립겠지만', '처음 같은 설레임보다', '서로를 따뜻하게 바라봐주는', '그런 사이가 행복일 테니까', '사랑하니까 같은 꿈을 꾸게 돼', '너라서 선명하지 않은 먼 길도 함께 갈게']"
마크툽 (MAKTUB),마음이 말하는 행복 (Happiness) (Feat.이라온),"['소란했던 오늘의 하루가', '너와 함께 고요해', '작은 입술을 열어', '우리의 밤을 노래해', '넌 내가 본 가장 아름다운 별', '날 꿈꾸게 해', '널 위해 태어난 꿈의 조각은', '어제보다 널 사랑하게 해', '그게 얼마나', '날 설레게 하고', '널 원하게 만드는지', '수많은 시간을 지나 네 품에', '가만히 안겨 너에게 잠겨', '눈을 감아 이 순간을 담아', '행복이라고 예쁘게 적어본다', '맞닿은 두 볼에 피어난 미소가', '서로의 맘을 비추고', '넌 내가 본 가장 눈부신 바다', '날 숨 쉬게 해', '널 위해 태어난 꿈의 조각은', '어제보다 널 사랑하게 해', '그게 얼마나', '날 설레게 하고', '널 원하게 만드는지', '수많은 시간을 지나 네 품에', '가만히 안겨 너에게 잠겨', '눈을 감아 이 순간을 담아', '행복이라고 예쁘게 적어본다', '나의 어린 날들은', '너로 기억될 거야', '말로는 다 할 수 없는', '커다란 이 맘을 모두 줄게', '너라는 이유 그 하나만으로', '마음이 말하는 세상으로', '빛나는 오늘 함께 하는 우리', '모든 게 선물인걸', '영원할 순간이 지금 내 앞에', '둘만의 특별한 여행을 떠나', '너를 안아 사랑을 담아', '행복이라고 예쁘게 적어본다']"
"싹쓰리 (유두래곤, 린다G, 비룡)",그 여름을 틀어줘,"['이 여름 다시 한번 설레고 싶다', '그때 그 여름을 틀어줘', '그 여름을 들려줘', '그때 그 여름을 틀어줘', '다시 한번 또 불러줘', '1 2 SSAK 3', 'Okay okay okay', 'Alright alright alright', '저 바다가 부를 때', 'Go back Go back Go back', '그해 여름으로 손잡고 뛰어들래', 'Ooh', 'Uh uh uh I’m UD-UD MY NEW I.D', '그 시절 날 웃고 울리던 멜로디', '하늘은 우릴 향해 열려있어', 'uh 그리고 내 곁에는 네가 있어 uh', 'RE?PLAY 이 계절을 멈추지 마요', '밤새도록 Play 해줘', '그때 그 여름을 틀어줘', '그 여름을 들려줘', '내가 많이 설렜었던', '참 많이 뜨거웠던', '그때 그 여름을 틀어줘', '다시 한번 또 불러줘', '올라타 라타 라타 파도 타고', 'We flow 흘러 흘러 닿을 수 있을까', '왠지 왠지 왠지 올해 여름 바람', '널 떠올려 그날의 ooh', 'I love it like it', 'yeah I like it', '돈이 없었지 깡이 없었나', '아 예예예예예', '일이 없었지 감이 없었나', '아 예예예예예', 'Youth Flex 이 계절을 아끼지 마요', '밤새도록 Play 해줘', '그때 그 여름을 틀어줘', '그 여름을 들려줘', '내가 많이 설렜었던', '참 많이 뜨거웠던', '그때 그 여름을 틀어줘', '다시 한번 또 불러줘', '이 여름도 언젠가는 그해 여름', '오늘이 가장 젊은 내 여름', '이 계절에 머무르고 싶어', '언제까지 영원히 으음 음', '1 2 3', '그때 그 여름을 틀어줘', '그 여름을 들려줘', '내가 많이 사랑했던', '참 많이 설렜었던', '그때 그 여름을 틀어줘', '다시 한번 또 불러줘']"
"싹쓰리 (유두래곤, 린다G, 비룡)",여름 안에서 by 싹쓰리 (Feat. 황광희),"['언제나 꿈꿔 온 순간이', '여기 지금 내게 시작되고 있어', '그렇게 너를 사랑했던', '내 마음을 넌 받아 주었어', '오 내 기분만큼 밝은 태양과', '시원한 바람들이 내게 다가와', '나는 이렇게 행복을 느껴', '하늘은 우릴 향해 열려 있어', '그리고 내 곁에는 니가 있어', '환한 미소와 함께 서 있는', '그래 너는 푸른 바다야', '같은 시간 속에 이렇게', '함께 있는 것만으로도 난 좋아', '행복한 미소에 니 얼굴', '나 더 이상 무얼 바라겠니', '저 파란 하늘 아래서 너와 나', '여기 이렇게 사랑하고 있어', '나는 이렇게 행복을 느껴', '하늘은 우릴 향해 열려있어', '그리고 내 곁에는 니가 있어', '환한 미소와 함께 서 있는', '그래 너는 푸른 바다야', '더 이상 슬픔은 없는 거야', '지금 행복한 너와 나', '태양 아래 우린 서로가', '사랑하는 걸 알아', '하늘은 우릴 향해 열려있어', '그리고 내 곁에는 니가 있어', '환한 미소와 함께 서 있는', '그래 너는 푸른 바다야', '하늘은 우릴 향해 열려있어', '그리고 내 곁에는 니가 있어', '환한 미소와 함께 서 있는', '그래 너는 푸른 바다야', '너는 푸른 바다야', '난 너를 사랑해 난 너를 사랑해', '난 너를 사랑해 난 너를 사랑해']"
잔나비,주저하는 연인들을 위해,"['나는 읽기 쉬운 마음이야', '당신도 스윽 훑고 가셔요', '달랠 길 없는 외로운 마음 있지', '머물다 가셔요 음', '내게 긴 여운을 남겨줘요', '사랑을 사랑을 해줘요', '할 수 있다면 그럴 수만 있다면', '새하얀 빛으로 그댈 비춰 줄게요', '그러다 밤이 찾아오면', '우리 둘만의 비밀을 새겨요', '추억할 그 밤 위에 갈피를 꽂고선', '남몰래 펼쳐보아요', '나의 자라나는 마음을', '못 본 채 꺾어 버릴 순 없네', '미련 남길바엔 그리워 아픈 게 나아', '서둘러 안겨본 그 품은 따스할 테니', '그러다 밤이 찾아오면', '우리 둘만의 비밀을 새겨요', '추억할 그 밤 위에 갈피를 꽂고선', '남몰래 펼쳐보아요', '언젠가 또 그날이 온대도', '우린 서둘러 뒤돌지 말아요', '마주보던 그대로 뒷걸음치면서', '서로의 안녕을 보아요', '피고 지는 마음을 알아요', '다시 돌아온 계절도', '난 한 동안 새 활짝 피었다 질래', '또 한번 영원히', '그럼에도 내 사랑은', '또 같은 꿈을 꾸고', '그럼에도 꾸던 꿈을', '난 또 미루진 않을거야']"
방탄소년단,Moon,"['달과 지구는 언제부터', '이렇게 함께했던 건지', '존재로도 빛나는 너', '그 곁을 나 지켜도 될지', '', '너는 나의 지구', '네게 난 just a moon', '네 맘을 밝혀주는 너의 작은 별', '너는 나의 지구', 'And all I see is you', '이렇게 그저 널 바라볼 뿐인 걸', '', '모두들 내가 아름답다 하지만', '내 바다는 온통 까만 걸', '꽃들이 피고 하늘이 새파란 별', '정말 아름다운 건 너야', '', '문득 생각해 너도 날 지금 보고 있을까', '내 아픈 상처까지 네게 다 들키진 않을까', '네 주위를 맴돌게', '네 곁에 있어 줄게', '네 빛이 되어 줄게', 'All for you', '', '난 이름조차 없었어', '내가 널 만나기 전까진', '넌 내게 사랑을 줬고', '이제는 내 이유가 됐어', '', '너는 나의 지구', '네게 난 just a moon', '네 맘을 밝혀주는 너의 작은 별', '너는 나의 지구', 'And all I see is you', '이렇게 그저 널 바라볼 뿐인 걸', '', 'In the crescent moon night', '두 눈을 감아도 넌 파랗게 내게 밀려와', 'In the full moon night', '두 눈을 뜨고서 널 담아도 괜찮은 걸까', '', '문득 생각해 너도 날 지금 보고 있을까', '내 아픈 상처까지 네게 다 들키진 않을까', '네 주위를 맴돌게', '네 곁에 있어 줄게', '네 빛이 되어 줄게', 'All for you', '', '환한 낮에도', '까만 밤에도', '내 곁을 지켜주는 너', '슬플 때에도', '아플 때에도', '그저 날 비추는 너', '', '어떤 말보다', '고맙단 말보다', '난 너의 곁에 있을게', '캄캄한 밤에', '훨씬 더 환하게', '너의 곁을 지킬게', '', '문득 생각해 너는 널 정말 알고 있을까', '네 존재가 얼마나 예쁜지 너 알고 있을까', '네 주위를 맴돌게', '네 곁에 있어 줄게', '네 빛이 되어 줄게', 'All for you']"
송하예,니 소식,"['그때의 우리 사랑', '뜨겁고 치열했는데', '끝나보니 남는건 미움뿐', '몇번의 계절을 더', '보내야 괜찮아 질까', '미련이 듬뿍 남은 하루를 보내', '친구들과 통화에', '우연히 들은 니 소식', '다른 사랑을 시작해', '잘 지낸다고', '한땐 소중했었고', '많이 사랑했었던', '우리둘은 이젠 남이 됐고', '모르는 사람이야', '넌 완벽히 잊었나봐', '이렇게 넌 잘사는데', '괜한 걱정을 했나봐', '나만 힘든가봐', '너도 내 소식을', '전해 들었으면 좋겠어', '아직은 좀 힘들어 한다는', '미안한 마음갖고', '가끔씩 날 생각해줘', '그래야 내 맘이 좀', '편할거 같아', '니옆에 다른 사람', '있다는게 참 낯설어', '뭔지 모를 서운함은', '이기적인 거니', '한땐 소중했었고', '많이 사랑했었던', '우리둘은 이젠 남이 됐고', '모르는 사람이야', '넌 완벽히 잊었나봐', '이렇게 넌 잘사는데', '나만 끝을 미뤘나봐', '나만 그랬나봐', '솔직한 맘을 말하면', '좋은 사랑 안했으면 해', '가슴아프게 지내길 바랬어', '너는 행복하겠지', '많이 설레이겠지', '나 없이도 웃는 니 모습에', '이제야 실감이나', '넌 완벽히 떠났나봐', '확실히 날 떠났나봐', '난 니가 너무 미워져', '행복하지 말아줘', '잘지내지 말아줘', '좋은 사람 만나 다행이란', '말은 거짓말이야', '네 소식 들은 그날밤', '펑펑 울다가 밤을 샜어', '늦어버린걸 알지만', '어쩔수 없나봐']"
어반자카파,그대 고운 내사랑,"['세상에 지쳐가던 내게 그대는 다가와', '가물어 갈라진 가슴에 단비를 주었죠', '잊었던 희망의 노래가 새록새록 솟고', '그댈 그리며 사는 날들 꿈만 같아요', '그대 고운 내사랑', '오월의 햇살 같은 꿈이여', '그댈 기다리며 보내는 밤은', '왜이리 더딘 건지', '그대 고운 내사랑', '오월의 햇살 같은 꿈이여', '그댈 기다리며 보내는 밤은', '왜이리 더딘지', '그대 짊어진 삶의 무게 가늠하지 못해', '오늘도 나는 이렇게 외로워하지만', '가시나무 숲 서걱이던 내 가슴 치우고', '그대를 쉬게 하고 싶어 내 귀한 사람아', '그대 고운 내사랑', '오월의 햇살 같은 꿈이여', '그댈 기다리며 보내는 밤은', '왜이리 더딘 건지', '그대 고운 내사랑', '오월의 햇살 같은 꿈이여', '그댈 기다리며 보내는 밤은', '왜이리 더딘지']"
백지영,거짓말이라도 해서 널 보고싶어,"['내가 미안해', '이렇게 아플 줄도 모르고', '너에게 모질게도 대했던 바보야', '후회에 맘을 담아 봤자', '이미 끝난 걸', '이제 다시는', '너를 볼 수 없잖아', '거짓말이라도', '해서 널 보고싶어', '줄게 남아있다고', '억지를 부리곤', '한번 더 너를 보고싶어', '나 많이 구차하지만', '네 맘을 돌릴 수 있다면', '다시 날 사랑하게 할 수 있다면', '내가 그대를 기다릴게요', '어제는 하루 종일 펑펑 울었어', '아직까지도 너의 온기가', '내 맘을 감싸 안아서', '내 맘을 왜 몰라주냐며', '슬프게 울고 있던 너를', '그저 바라보기만 했었던 나야', '거짓말이라도', '해서 널 보고싶어', '줄게 남아있다고', '억지를 부리곤', '한번 더 너를 보고싶어', '나 많이 구차하지만', '네 맘을 돌릴 수 있다면', '다시 날 사랑하게 할 수 있다면', '내가 그대를 기다릴게요', '나를 버리지마', '내가 잘못했어', '잠시 동안 내가 미쳤었나봐', '가슴이 찢어질 듯이 아파', '제발 가지마', '내게 잘 지내라고 말하지마', '거짓말이었어', '확인받고 싶어서', '사랑받고 싶어서', '네 맘을 찢어놓고', '이기적인 사랑을 했었나봐', '내가 미친게 맞아', '이제 와서 후회가 돼', '그렇게 잘해줬던 너였는데', '내가 그대를 놓친 거에요', '나 같은 사람 만나지마요']"
임창정,힘든 건 사랑이 아니다,"['내가 널 떠났어야 했는데 왜 떠나야 하는지도 아는데', '어떤 아무 말도 아무것도 줄 게 없는 내 곁에서 늘 조용히 손을 잡아준 그대', '제발 나를 떠나 부디 너를 찾아 이젠 놔도 되는 너의 나를', '분명 다시 돌아갈 수 있으니 더 늦기 전에 어서 나를 떠나가', '왜 일찍 널 보낼 수 없었을까 살면서 너와 내가 죽어도 너와 내가 아닌 것을', '누군가 그에겐 소중한 너인데 내 그늘에 가려 사랑받지 못해서 미안해', '그만큼 받았으니 된 거야 내 생엔 없을 것 같던 그 사랑', '어떤 아무 말도 아무것도 줄 게 없는 나일 텐데 또 그렇게 날 안아주는 그대', '제발 나를 떠나 부디 너를 찾아 이젠 놔도 되는 너의 나를', '분명 다시 돌이킬 수 있으니 더 늦기 전에 어서 나를 떠나가', '더 일찍 널 보낼 수 없었을까 혹시나 너와 내가 영원한 너와 내가 맞을까 봐', '누군가 그에겐 소중한 너인데 내가 되고 싶어 염치없이 지금까지 널 잡은 거야', '떠나고 나면 우린 다 잃는 걸까 아냐 그저 제자리인 거야', '우리 헤어지면 잠시 아파 정말 잠시일 거야 세상도 잘했다고 말할 거야', '왜 일찍 널 보낼 수 없었을까 살면서 너와 내가 죽어도 너와 내가 아닌 것을', '누군가 그에겐 소중한 너인데 내 그늘에 가려 사랑받지 못해서 미안해']"
방탄소년단,시차,"['24 누구보다 더 빨리 어른이 된 것만 같아', 'My life has been a movie all the time', '해 뜨는 곳으로 달렸어 every single night', '누구의 내일에 가봤던 것도 같아', '온 세상이 너무 컸던 그 소년', 'Keep on runnin’ errday mic 잡아들어', 'Friends ridin’ subway, I’ll be in the airplane mode', '전 세계를 rock on I made my own lotto', 'But 너무 빠른 건지 놓쳐버린 흔적이', ""Don't know what to do with"", ""Am I livin' this right?"", '왜 나만 다른 시공간 속인 걸까', '', ""Oh I can't call ya I can't hol' ya"", ""Oh I can't"", 'And yes you know yes you know', ""Oh I can't call ya I can't touch ya"", ""Oh I can't"", 'Let me know', 'Can I someday finna find my time', 'Finna find my time', 'Someday finna find my time', '', 'Oh I think I was in yesterday', 'Cuz everybody walk too fast', '나도 모르게 커버린 어린 나', '(길을 잃어버린 어린아이처럼)', 'This got me oh just trippin’', '서성대는 이 느낌', ""Don't know what to do with"", ""Am I livin' this right?"", '왜 나만 다른 시공간 속인 걸까', '', ""Oh I can't call ya I can't hol' ya"", ""Oh I can't"", 'And yes you know yes you know', ""Oh I can't call ya I can't touch ya"", ""Oh I can't"", 'Let me know', 'Can I someday finna find my time', 'Finna find my time', 'Someday finna find my time', '', '때론 나의 숨 막힐 때면', '모잘 눌러쓰고 계속 달려', 'Yeah I don’t gotta know where I go', 'Even if it’s opposite of sun', 'One time for the present', 'Two time for the past', 'Happy that we met each other', 'Now til’ the very end', '', ""Oh I will call ya I will hol' ya"", 'Oh I will', 'And yes you know yes you know', 'Oh I will call ya I will touch ya', 'Oh I will', 'And you know', 'Can I someday finna find my time', 'Can I someday finna find my time', 'Finna find my time', 'Find my time']"
장덕철,있어줘요,"['나와 둘이 함께 늙어가자던', '습관처럼 뱉던 말 아직 여전하니', '뭐든 나와 함께 한다면', '그저 좋다던 예쁜 얼굴 생각나는 밤', '나에게 늘 맞춰주던 너', '익숙함이 커 지키지 못했어 그땐', '내 얘기에 귀 기울이던 너의', '앳된 표정이 아직도 선명해', '다시금 날 봐줘요', '그대의 기나긴 투정도', '모두 들어드릴게요', '아직도 지키지 못한', '약속을 기다린다면', '그대여 다시금 내 곁에 있어줘요', '머물러요', '질투 어린 술주정에도', '미안하다며 계속 나를 달랬던 그대', '따듯한 그 말들을 무시했던', '그때의 내가 원망스럽네요', '다시금 날 봐줘요', '그대의 기나긴 투정도', '모두 들어드릴게요', '아직도 지키지 못한', '약속을 기다린다면', '그대여 다시금 내 곁에 있어줘요', '그대가 돌아오면', '멍청한 내 어린 습관도', '전부 다 고칠게요', '사랑은 처음이라서', '그대를 아프게 해서', '미안해요']"
거미,기억해줘요 내 모든 날과 그때를,"['듣고있나요 나의 이 모든 얘기를', '그댈 향한 내 깊은 진심을', '매일 그리움 속에 그대를 불러보지만', '닿을 수 없는 마음을', '나도 이젠 알 것 같아요', '내 안의 그대를 놓을 수 없네요', '애써도 그게 잘 안돼요', '마음과 반대로 밀어내려 할수록', '이토록 더 아파지네요', '기억하나요 나의 이 모든 얘기를', '그댈 향한 내 깊은 진심을', '매일 그리움 속에 그대를 불러보지만', '닿을 수 없는 마음을', '나도 이젠 알 것 같아요', '스쳐가는 이 계절을 지나', '언젠가는 멀어질 걸 아니까', '더 모질게 그댈 밀어냈어요 너무', '가슴이 미칠 듯 아파도', '듣고 있나요 나의 이 모든 얘기를', '그댈 향한 내 깊은 진심을', '매일 그리움 속에 그대를 불러보지만', '닿을 수 없는 마음을', '나도 이젠 알 것 같아요', '아무 이유 없이 눈물 나는 날에는', '그댈 찾아가고 있네요 이렇게', '기억해줘요 내 모든 날과 그때를', '지울수록 선명해지니까', '가슴 아프겠지만 그대를 보내야 해요', '나를 기억해주세요 나 그대만', '사랑했음을']"
임영웅,어느 60대 노부부이야기,"['곱고 희던 그 손으로', '넥타이를 메어주던 때', '어렴풋이 생각나오', '여보 그 때를 기억하오', '막내아들 대학 시험', '뜬 눈으로 지새던 밤들', '어렴풋이 생각나오', '여보 그 때를 기억하오', '세월은 그렇게 흘러', '여기까지 왔는데', '인생은 그렇게 흘러', '황혼에 기우는데', '큰 딸아이 결혼식 날', '흘리던 눈물 방울이', '이제는 모두 말라', '여보 그 눈물을 기억하오', '세월은 그렇게 흘러', '여기까지 왔는데', '인생은 그렇게 흘러', '황혼에 기우는데', '세월은 그렇게 흘러', '여기까지 왔는데', '인생은 그렇게 흘러', '황혼에 기우는데', '다시 못 올 그 먼 길을', '어찌 혼자 가려하오', '여기 날 홀로 두고', '여보 왜 한마디 말이 없소', '여보 안녕히 잘 가시게', '여보 안녕히']"
"김나영, 양다일",헤어진 우리가 지켜야 할 것들,"['여기 내 머릿속에', '스위치 같은', '그런 게 있음 좋겠어', '눈을 감듯 널 꺼놓게', '매일 숨을 쉬듯이', '널 사랑했던', '나쁜 버릇은 어떡해야', '고쳐질까', '알아 쉽진 않겠지', '한동안 생각날 테고', '행여나 울더라도', '흔들리진 말자', '혹시 내 전화를 기다리거나', '취해서 집 앞을 찾아오는 일 안 돼', '실수로라도 내 생각 따윈 절대 안 돼', '안 돼 안 돼', '너 혹시 내 사진을 찾아보거나', '나 몰래 내 소식을', '검색하는 일 안 돼', '이젠 안 돼 우린 안 돼 너와 나', '더는 해선 안 되는 일', '우릴 알던 누군가 너를 만나', '스치듯 나의 안불 묻더라도', '웃음으로 웃음으로', '받아줄 수 있길', '혹시 내 전화를 기다리거나', '취해서 집 앞을 찾아오는 일 안 돼', '실수로라도 내 생각 따윈 절대 안 돼', '안 돼 안 돼', '너 혹시 내 사진을 찾아보거나', '나 몰래 내 소식을', '검색하는 일 안 돼', '이젠 안 돼 우린 안 돼 너와 나', '잘 한 건진 모르지만', '후회할지 모르지만', '소리 없이 흐르는 눈물을 잡고 안녕', '우리들의 수많은 기념일과', '서로의 이름 목소리까지도', '자고 나면 모두 다 잊는 거야', '모든 걸 잊고 떠나는 거야', '널 사랑했지만', '보고 싶겠지만', '오늘 이후로 우린 없는 거야', '아무 일도 아닌 듯이', '아무 일도 없던 듯이']"
Crush,둘만의 세상으로 가,"['바람 같은 그대가 나를 스쳐가네요', '잠시 쉬어 날 바라봐요', '이 모든 날들이 영원할 순 없기에', '저물어가는 저 달에 기도했죠', '모든 시간이 멈추길', '둘만의 세상으로 가', '못다 한 말을 전하길', '그댄 날 떠나겠지만', '나의 사랑은 닿기를', '모두 잠든 이 밤에 그댄 내게 다가와', '세상 가장 이쁜 목소리로', '날 사랑한다고 말해요', '내 맘 깊은 곳에 자꾸 그대가 보여요', '그대 작은 몸짓조차 날 웃게 하네요', '마치 다른 사람처럼', '둘만의 세상으로 가', '못다 한 말을 전하길', '그댄 날 떠나겠지만', '모두 잠든 이 밤에 내게로 와', '사랑을 말해 줘요', '기다리기만 하다', '늘 그댈 울게 하는 날', '받아줘요', '같은 하늘 아래 다른 세상 속', '같은 별을 우린 함께 바라봐요', '서로의 밤하늘 아래', '둘만의 세상으로 가', '못다 한 말을 전하길']"
황인욱,취했나봐,"['취했나봐 우리 이제 그만하자', '너와 친구로 지내는 거', '나 안될 것 같아', '그동안 나 무덤덤한 척했지만', '너와 함께했던 그날부터 설레었던 나', '뭐해 넌 괜찮니', '웃고 있는 너의 표정에', '한참 망설이다', '아무 말도 못했어', '취했나봐 너에게 취했나봐', '나 너 좋아하나봐', '왜 자꾸 헷갈리게 해 왜 why', '미쳤나봐 너만 생각나나봐 우리', '이미 알고 있잖아', '나 오늘 너에게 취했나봐', '뭐해 좀 걸을까', '같이 걷던 길목에 서서', '한참 바라보다', '아무 말도 못했어', '취했나봐 너에게 취했나봐', '나 너 좋아하나봐', '왜 자꾸 헷갈리게 해 왜 why', '미쳤나봐 너만 생각나나봐 우리', '이미 알고 있잖아', '나 오늘 너에게 취했나봐', '난 안돼 오늘은 안돼 네가 없으면', '나 지금 너에게 말하고 싶어', '오늘 지금 여기 이 순간 우리', '넌 어떠니 지금 앞에 있는 나', '아무 대답 없는 너', '왜 자꾸 헷갈리게 해 왜 why', '미쳤나봐 너만 생각나나봐 우리', '이미 알고 있잖아', '나 오늘 너에게 취했나봐', '오늘 너에게']"
송하예,새 사랑,"['한참을 내 옆에서 지켜주던', '무던한 사람', '가끔 네 욕을 해도 내 편이 돼주는', '착한 사람', '새 사랑을 시작하는 게', '아직 겁나는데', '이런 나라도 좋대', '오늘 고백하는 그 남잘 보고', '난 니가 생각나서 눈물을 참다가', '내 답을 기다리는 그 눈에', '괜히 죄를 짓는 것 같아서', '아무 말도 못했어', '이젠 나도 행복해도 돼', '듣지 못할 답을', '왜 너에게 묻는건지', '오늘 고백하는 그 남잘 보고', '난 니가 생각나서 눈물을 참다가', '내 답을 기다리는 그 눈에', '괜히 죄를 짓는 것 같아서', '고개만 끄덕였어', '나 괜찮은거지', '사랑해도 되지', '니가 못해준', '그때보다 더 예쁜사랑', '전부 해 줄 사람을 만났어', '오늘같이 기뻐해야 하는날', '왜 혼자 미안하고 눈물이 나야해', '말 없이 나를 안아주는 그품에', '이제 너를 보내야 할까봐', '미안해 이제 안녕', '미안해 정말 안녕']"
(여자)아이들,덤디덤디 (DUMDi DUMDi),"['뜨거운 태양에 살짝 미친 난', '쉽게 두 볼이 빨개지고', '그러다 어질어질 달아오른 난', '헤엄을 치듯 춤을 추고', '음악을 더 크게 더 틀고 싶어', '우리 사랑이 안 들리게', '안아도 더 가까이 붙고 싶어', '닿은 심장이 팡 터지게', '바람은 두근대게 또 파도는 쿵쾅대게', '저기 드러머처럼 내 마음을 두드려줘', '내게 들려줘 이 여름의 그 노래를', 'Every night every mind', 'every time every sign', '어딜 가도 여긴 Tropical night', '찌는 날 찌는 밤바다의 칼바람', '잊을 수 없이 타오르는 밤', '덤디덤디 덤디덤디', '덤디덤디 덤디덤디', 'Turn up my summer', '덤디덤디 덤디덤디', '덤디덤디 덤디덤디', 'Turn up my summer', 'Hey drummer 무더위로 높여', 'Kick & snare는 우리 벽을 녹여', 'Oh god 흠뻑 젖어버린 속옷', '야자수가 흔들리도록 춤 춰', '폭죽 펑펑 터지는 축제에 텅텅', '머리를 비우고 미친 듯 음악은 Turnt up', '첨벙대는 파도의 Beat는', '두구 둥 두구 둥 DJ 바람은 삐끼삐끼움', '사랑을 더 세게 더 주고 싶어', '나의 계절이 느껴지게', '이대로 두 눈을 꼭 감고 싶어', '태양이 떠도 영원하게', '바람은 살랑대게 또 파도는 찰랑대게', '저기 댄서들처럼 내 마음을 흔들어줘', '내게 들려줘 이 여름의 그 노래를', 'Every night every mind', 'every time every sign', '어딜 가도 여긴 Tropical night', '찌는 날 찌는 밤바다의 칼바람', '잊을 수 없이 타오르는 밤', '덤디덤디 덤디덤디', '덤디덤디 덤디덤디', 'Turn up my summer', '덤디덤디 덤디덤디', '덤디덤디 덤디덤디', '달이 잠들고 여름이 다 식으면', '내게 불러줘 뜨거웠던 그때 노래를', 'Shout it out loud', 'Let’s turn up my summer bae', 'Hit the drum', '덤디덤덤 덤디디덤덤', '덤디덤덤 덤디디덤덤', '덤디덤덤 덤디디덤덤', '덤디덤덤', 'Turn up my summer', '덤디덤덤 덤디디덤덤', '덤디덤덤', '덤디덤덤 덤디디덤덤', '덤디덤덤', 'Turn up my summer']"
방탄소년단,We are Bulletproof : the Eternal,"['가진 게 꿈밖에 없었네', '눈 뜨면 뿌연 아침뿐', '밤새 춤을 추며 노래해', '그 끝이 없던 악보들', '', 'Ay 우린 호기롭게 shout', '‘다 던져봐’', '세상과 첫 싸움', 'Don’t wanna die', 'But so much pain', 'Too much cryin’', 'So 무뎌지는 칼날', '', 'Oh I', 'We were only seven', 'I', 'But we have you all now', '일곱의 겨울과 봄 뒤에', '이렇게 맞잡은 손끝에', 'Oh I', 'Yeah we got to heaven', '', '내게 돌을 던져', '우린 겁이 없어 anymore', 'We are we are together bulletproof', '(Yeah we have you have you)', '또 겨울이 와도', '누가 날 막아도 걸어가', 'We are we are forever bulletproof', '(Yeah we got to heaven)', '', 'We are bullet bullet bulletproof', '부정적인 시선에 맞서 우린 해냈구', '나쁜 기억도 많은 시련도', '다 호기롭게 우린 막아냈지 bulletproof', '', '늘 생각해', '아직 꿈속인 건 아닐까', '길었던 겨울', '끝에 온 게 진짜 봄일까', '모두 비웃던', '한땐 부끄럽던 이름', '이건 쇠로 된 증명', '“Bullet-proof”.', '', 'Oh I', 'We were only seven', 'I', 'But we have you all now', '일곱의 겨울과 봄 뒤에', '이렇게 맞잡은 손끝에', 'Oh I', 'Yeah we got to heaven', '', '내게 돌을 던져', '우린 겁이 없어 anymore', 'We are we are together bulletproof', '(Yeah we have you have you)', '또 겨울이 와도', '누가 날 막아도 걸어가', 'We are we are forever bulletproof', '(Yeah we got to heaven)', '', 'Oh oh', '다신 멈추지 않을래', '여기 우리가 함께이기에', 'Tell me your every story', ""Tell me why you don't stop this"", ""Tell me why you still walkin'"", ""Walkin' with us"", '(Yeah we got to heaven)', '', '내게 돌을 던져', '우린 겁이 없어 anymore', 'We are we are together bulletproof', '(Yeah we have you have you)', '또 겨울이 와도', '누가 날 막아도 걸어가', 'We are we are forever bulletproof', '(Yeah we got to heaven)', '', '(Yeah we have you have you)', 'Yeah we are not seven, with you', 'Yeah we are not seven, with you', '', 'Yeah we are not seven', 'With you']"
"식케이 (Sik-K), pH-1, 박재범, 김하온 (HAON)",깡 Official Remix,"['Yeah yeah H1GHR GGANG', 'back at it again', 'Yeah yeah better watch out', 'I’m gonna make it rain', '차에 타봐 uh yeah', 'Before I hop out uh yeah', '과연 누가 hot uh yeah', 'Brother u not uh', 'Yeah 다시 돌아왔지', 'It’s H1GHR GGANG', 'Yea we came back again', 'WOAH', '이건 농담 아냐', '다 매번 놀라 너무 오른 내 폼에', 'WOAH', '전 세계를 돌아 we touring', '지구 저 반대편까지 yea', '누워서 가는 비행기 덕에', '우린 절대로 차엔 안타지', '차엔 안타지 시간은 가지', 'tickin and tockin', '가짜들 바삐 도망이나 가지', '난 전부 다 깡그리', '잡아 안 놓쳐 H1GHR GGANG 또 난동 펴', '니네 팀 분위기 다 초 쳐', 'Ride or die lil homie I told ya', 'H1GHR GGANG', '화려한 조명이 날', '감싸지 않아도 난 빛이 나', '불이 꺼져 홀로 남아도', '앞을 향해 계속 달려가', 'H1GHR GGANG we swagging', 'Boy you know we on the way', 'Hater들이 뭐라 해도', 'Don’t care what they say', '모든 거를 적셔 적셔', 'Can u feel the rain', '난 쓰러질 때까지 널 위해 춤을 춰', 'Gotta hunnit dollaz', 'I’m a baller baller I’m a shot caller', 'What my ala motter', 'It’s get money money', 'then I hit up follies', '남자 놈들 왜 이리 말이 많아', '네가 나를 알아 I get hotter hotter', '똑같이 벌어도 우린 달라 달라', '내 시간 원해 빌어 싸바싸바', '난 hustler workman like lululala', '나는 없어 자만', '해내야만 했어', '허세와는 거리가 넘 멀어', '더 세게 밟아 들어가 이제 터널', 'TV에 나와 like timmy turner', '나 비처럼 fly', 'Ain’t gon’ lie', '하늘에 누워있지 다 물 만나', '아무리 따라와봤자 날 못 잡아', 'H1GHR gang 아니 고쳐 깡', '화려한 조명이 날', '감싸지 않아도 난 빛이 나', '불이 꺼져 홀로 남아도', '앞을 향해 계속 달려가', 'H1GHR GGANG we swagging', 'Boy you know we on the way', 'Hater들이 뭐라 해도', 'Don’t care what they say', '모든 거를 적셔 적셔', 'Can u feel the rain', '난 쓰러질 때까지 널 위해 춤을 춰', 'Yeah yeah H1GHR GGANG', 'back at it again', 'Yeah yeah better watch out', 'I’m gonna make it', '차에 타봐 uh yeah', 'Before I hop out uh yeah', '과연 누가 hot uh yeah', 'Brother u not uh', 'H1GHR GGANG we get it all', '화려한 조명 이리로']"
태연 (TAEYEON),그대라는 시,"['언제부터인지 그대를 보면', '운명이라고 느꼈던 걸까', '밤하늘의 별이 빛난 것처럼', '오랫동안 내 곁에 있어요', '그대라는 시가 난 떠오를 때마다', '외워두고 싶어 그댈 기억할 수 있게', '슬픈 밤이 오면 내가 그대를 지켜줄게', '내 마음 들려오나요', '잊지 말아요', '지나가는 계절 속에 내 마음은', '변하지 않는단 걸 아나요', '그저 바라보는 눈빛 그 하나로', '세상을 다 가진 것 같은데', '그대라는 시가 난 떠오를 때마다', '외워두고 싶어 그댈 기억할 수 있게', '슬픈 밤이 오면 내가 그대를 지켜줄게', '내 마음 들려오나요', '잊지 말아요', '꽃이 피고 지는 날이 와도', '이것 하나만 기억해줘요', '그댈 향한 마음을', '언젠가는 우리', '멀어질지 몰라도', '나는 그대라면 기다릴 수 있을 텐데', '시간이 흘러도 내가 이곳에 서 있을게', '그대 망설이지 말아요', '그때가 오면']"
방탄소년단,Inner Child,"['그때 우리', '참 많이 힘들었지', '너무나 먼 저 하늘의 별', '올려보면서', '', '그때의 넌', '은하수를 믿지 않아', '하지만 난 봐버렸는 걸', '은색 galaxy', '', '아팠을 거야', '너무 힘들었을 거야', '끝없는 빛을', '쫓아 난 달렸거든', '', '아릿해와 그 여름날의 공기', '너무 차갑던 잿빛 거리의 소리', '숨을 마시고 네 문을 두드리네', ""We gon' change"", ""We gon' change"", ""We gon' change"", ""We gon' change"", ""We gon' change"", '', '이제 우리', '많이 웃었음 해', '괜찮을 거야 오늘의 내가', '괜찮으니까', '', '어제의 너', '이젠 다 보여', '움트던 장미 속 많은 가시', '안아주고 싶어', '', '미소진 꼬마', '마냥 해맑게 웃던 아이', '그런 널 보면', '자꾸 웃음이 나와', '', '아릿해와 그 여름날의 공기', '너무 차갑던 잿빛 거리의 소리', '숨을 마시고 네 문을 두드리네', ""We gon' change"", ""We gon' change"", ""We gon' change"", ""We gon' change"", ""We gon' change"", '', 'Tonight', '네게 내 손을 맞닿으면', '그 손을 잡아줄 수 있니', '내가 너가 될 테니', '', '넌 나의', '은하수들을 보면 돼', '저 별들을 맞으면 돼', '나의 세상을 네게 줄게', '', '너의 눈을 비춘', '빛들은 지금의 나니까', 'You’re my boy, my boy', 'My boy, my boy, my boy', '', ""We gon' change"", ""We gon' change"", ""We gon' change"", ""We gon' change"", ""We gon' change"", ""We gon' change"", ""We gon' change"", ""We gon' change""]"
태연 (TAEYEON),사계 (Four Seasons),"['사계절이 와 그리고 또 떠나', '내 겨울을 주고 또 여름도 주었던', '온 세상이던 널 보낼래', '정말 너를 사랑했을까', '언제야 봄이던가', '맞아 그땐 한참 서로가', '셰익스피어의 연극 같은', '마지막이 될 사랑 마주한 듯', '둘밖에 안 보였나 봐', '다른 걸 좀 보고파', 'I gave you the world', '너만이 전부라', '내 겨울을 주고 또 여름도 주었지', '뜨겁고 차갑던 그 계절에', '정말 너를 사랑했을까', '내가 너를 사랑했을까', '서로를 그리워했고', '서로를 지겨워하지', '그 긴 낮과 밤들이', '낡아 녹슬기 전에', '우리 다시 반짝이자', '또 계절이 바뀌잖아', 'I gave you the world', '너만이 전부라', '내 겨울을 주고 또 여름도 주었지', '뜨겁고 차갑던 그 계절에', '정말 너를 사랑했을까', '내가 너를 사랑했을까', '가도 돼 뒤돌아볼 때쯤엔 난 없어', '우리 꽤 괜찮았어', '그거면 된 거야 떠날 때', '사계절이 와 그리고 또 떠나', '내 겨울을 주고 또 여름도 주었던', '온 세상이던 널 보낼래', '정말 너를 사랑했을까', '내가 너를 사랑했을까', '내가 너를 사랑했을까']"
영탁,찐이야,"['찐찐찐찐 찐이야 완전 찐이야', '진짜가 나타났다 지금', '찐찐찐찐 찐이야 완전 찐이야', '찐하게 사랑할 거야', '요즘 같이 가짜가 많은 세상에', '믿을 사람 바로 당신 뿐', '내 모든 걸 다 줘도 아깝지 않은', '내 인생에 전부인 사람', '끌리네 끌리네 자꾸 끌리네', '쏠리네 쏠리네 자꾸 쏠리네', '심장을 훔쳐간 사람', '찐찐찐찐 찐이야 완전 찐이야', '진짜가 나타났다 지금', '찐찐찐찐 찐이야 완전 찐이야', '찐하게 사랑할 거야', '찐이야', '요즘 같이 가짜가 많은 세상에', '믿을 사람 바로 당신 뿐', '내 모든 걸 다 줘도 아깝지 않은', '내 인생에 전부인 사람', '끌리네 끌리네 자꾸 끌리네', '쏠리네 쏠리네 자꾸 쏠리네', '심장을 훔쳐간 사람', '찐찐찐찐 찐이야 완전 찐이야', '진짜가 나타났다 지금', '찐찐찐찐 찐이야 완전 찐이야', '찐하게 사랑할 거야', '찐하게 찐하게 찐하게 찐하게', '찐하게 사랑할 거야']"
폴킴,비,"['비가 내리다 말다', '우산을 챙길까 말까', 'tv엔 맑음이라던데', '네 마음도 헷갈리나봐', '비가 또 내리다 말다', '하늘도 우울한가봐', '비가 그치고나면', '이번엔 내가 울것만같아', 'Strumming down to my memories', '지직거리는 라디오에선', '또 뻔한 love song', '잊고있던 아픈 설레임', '널 생각나게해', '우리 걷던 이길위에', '흘러나오던 멜로디', '흥얼거렸었지 넌 어디있니', '하늘은 이렇게 맑은데', '비에 젖은 내 마음을', '따뜻하게도 비춰주던 너는', '나에게 햇살같아', '그런널 왜 난 보냈을까', 'Good bye', 'So hard to lose but easy to repeat', '푹 숙인 얼굴 날 알아봤을까', ""I'm losing my breathe"", '잊고 싶던 아픈 기억들', '날 더 힘들게해', '시간가는 줄도 모르고', '나눴던 수많은 밤과 사랑노래', '꿈보다 달콤했지', '쉽게 포기한건아닌지', '우연히널 마주친 순간', '내 마음 들킬까봐 뒤돌아섰어', '널 잡았다면', '그런 널 왜 난 보냈을까', '우리 걷던 이길위에', '흘러나오던 멜로디', '흥얼거렸었지 넌 어디있니', '하늘은 이렇게 맑은데', '비에 젖은 내 마음을', '따뜻하게도 비춰주던 너는', '나에게 햇살같아', '그런널 왜 난 보냈을까', 'Good bye']"
미도와 파라솔,"너에게 난, 나에게 넌","['너에게 난 해질녘 노을처럼', '한편의 아름다운 추억이 되고', '소중했던 우리 푸르던 날을 기억하며', '우 후회 없이 그림처럼 남아주기를', '나에게 넌 내 외롭던 지난 시간을', '환하게 비춰주던 햇살이 되고', '조그맣던 너의 하얀 손위에', '빛나는 보석처럼 영원의 약속이 되어', '너에게 난 해질녘 노을처럼', '한편의 아름다운 추억이 되고', '소중했던 우리 푸르던 날을 기억하며', '우 후회 없이 그림처럼 남아주기를', '나에게 넌 초록의 슬픈 노래로', '내 작은 가슴속에 이렇게 남아', '반짝이던 너의 예쁜 눈망울에', '수많은 별이 되어', '영원토록 빛나고 싶어', '너에게 난 해질녘 노을처럼', '한편의 아름다운 추억이 되고', '소중했던 우리 푸르던 날을 기억하며', '우 후회 없이 그림처럼 남아주기를', '너에게 난 해질녘 노을처럼', '한편의 아름다운 추억이 되고', '소중했던 우리 푸르던 날을 기억하며', '우 후회 없이 그림처럼 남아주기를', '그림처럼 남아주기를']"
김재환,어떤 날엔,"['어디쯤인 건지', '그대와 나 있는 곳 이렇게', '그저 떠올리기만 해도 나는', '떨림을 느껴요', '당겨 안을 수도', '모질게 지울 수도 없는 내 맘', '사랑인 듯이 벅차다가', '그리움에 자꾸 아파와요', '어떤 날엔 그대가', '어떤 날엔 웃어요', '멀리서 바라보는 일', '너무 애가 타서 난', '한 번 더 그대', '곁에 있고 싶어요 가까이', '크게 부를 수도', '조용히 지울 수도 없는 내 맘', '뭐든 다 할 듯 가쁘다가', '주저앉아 눈물을 삼켜요', '어떤 날엔 그대가', '어떤 날엔 울어요', '행복을 빌어주는 일', '너무 어려워서 난', '한 번 더 그대', '곁에 가고 싶어요 그대여', '매일 다른 맘이라서', '뭐라 말을 해야 할까', '그대만 볼 수 있다면', '언제라도 벅차오르는', '애틋한 기억 그런 사람 나이기를', '어떤 날엔 그대를', '어떤 날엔 그려요', '모른 체 참아내는 일', '너무 힘에 겨워 난', '맘이 가는 대로', '그렇게 맘껏 슬퍼져요', '어떤 날엔 그대를', '어떤 날엔 빌어요', '혼자서 사랑하는 일', '조금 서러워져 난', '흐르는 눈물', '닦아 주러 와줘요 그대여']"
